check,expiry,K1,K2,K3,C1,C2,C3,B_value,B_exec,executable,k_bucket,expiry_short,expiry_long,T_short,T_long,w_short,w_long,k_short,k_long
butterfly,2026-08-07 00:00:00,5700.0,5800.0,5900.0,1780.9815915187244,1681.0224143773482,1581.038237235972,-0.012500000000045475,0.07500000000004547,False,,,,,,,,,
butterfly,2026-08-07 00:00:00,6000.0,6050.0,6075.0,1481.0540600945958,1431.0869715239076,1406.0909272385636,-0.008333333332984694,0.0500000000001819,False,,,,,,,,,
butterfly,2026-08-07 00:00:00,6175.0,6200.0,6225.0,1306.1567500971873,1281.1857058118433,1256.1896615264993,-0.012500000000045475,0.07500000000004547,False,,,,,,,,,
butterfly,2026-08-07 00:00:00,6250.0,6300.0,6350.0,1231.1936172411552,1181.251528670467,1131.2594400997789,-0.02500000000009095,0.07500000000004547,False,,,,,,,,,
butterfly,2026-08-07 00:00:00,6350.0,6375.0,6400.0,1131.2594400997789,1106.3133958144347,1081.3173515290907,-0.024999999999863576,0.07500000000027285,False,,,,,,,,,
butterfly,2026-08-07 00:00:00,6425.0,6450.0,6475.0,1056.3213072437466,1031.3752629584028,1006.3792186730586,-0.02500000000009095,0.07500000000004547,False,,,,,,,,,
butterfly,2026-08-07 00:00:00,6475.0,6500.0,6525.0,1006.3792186730586,981.4331743877146,956.4371301023706,-0.02500000000009095,0.07500000000004547,False,,,,,,,,,
butterfly,2026-08-07 00:00:00,6525.0,6550.0,6575.0,956.4371301023706,931.4910858170265,906.4950415316824,-0.024999999999977263,0.07499999999993179,False,,,,,,,,,
butterfly,2026-08-07 00:00:00,6575.0,6600.0,6625.0,906.4950415316824,881.5489972463383,856.5529529609942,-0.02500000000009095,0.07499999999993179,False,,,,,,,,,
butterfly,2026-08-07 00:00:00,6625.0,6650.0,6675.0,856.5529529609942,831.6069086756502,806.6358643903061,-0.012500000000045475,0.07500000000004547,False,,,,,,,,,
butterfly,2026-08-07 00:00:00,6700.0,6710.0,6725.0,781.664820104962,771.7164023908246,756.718775819618,-0.030000000000086402,0.06999999999993634,False,,,,,,,,,
butterfly,2026-08-07 00:00:00,6725.0,6750.0,6775.0,756.718775819618,731.7977315342739,706.8266872489298,-0.024999999999977263,0.05000000000006821,False,,,,,,,,,
butterfly,2026-08-07 00:00:00,6750.0,6775.0,6790.0,731.7977315342739,706.8266872489298,691.8290606777234,-0.009374999999977263,0.08124999999995453,False,,,,,,,,,
butterfly,2026-08-07 00:00:00,6790.0,6800.0,6825.0,691.8290606777234,681.8806429635858,656.9345986782417,-0.021428571428600662,0.07857142857153576,False,,,,,,,,,
butterfly,2026-08-07 00:00:00,6850.0,6870.0,6875.0,631.9885543928978,612.0917189646224,607.0675101075536,-0.03999999999984993,0.08000000000004093,False,,,,,,,,,
butterfly,2026-08-07 00:00:00,6880.0,6890.0,6900.0,602.0933012504848,592.1448835363473,582.1714658222096,-0.012500000000045475,0.10000000000013642,False,,,,,,,,,
butterfly,2026-08-07 00:00:00,6925.0,6930.0,6950.0,557.2754215368656,552.3012126797968,532.3793772515215,-0.0049999999999954525,0.10999999999989996,False,,,,,,,,,
butterfly,2026-08-07 00:00:00,6950.0,6960.0,6970.0,532.3793772515215,522.4559595373838,512.4825418232463,-0.024999999999977263,0.07500000000004547,False,,,,,,,,,
butterfly,2026-08-07 00:00:00,6975.0,6980.0,6990.0,507.5083329661774,502.5591241091086,492.610706394971,-0.016666666666708352,0.08333333333337123,False,,,,,,,,,
butterfly,2026-08-07 00:00:00,7000.0,7010.0,7020.0,482.6622886808334,472.78887096669575,462.84045325255806,-0.03750000000002274,0.10000000000002274,False,,,,,,,,,
butterfly,2026-08-07 00:00:00,7020.0,7025.0,7030.0,462.84045325255806,457.8912443954893,452.8920355384205,-0.025000000000034106,0.125,False,,,,,,,,,
butterfly,2026-08-07 00:00:00,7030.0,7040.0,7050.0,452.8920355384205,443.06861782428285,433.14520011014525,-0.05000000000001137,0.07500000000004547,False,,,,,,,,,
butterfly,2026-08-07 00:00:00,7060.0,7070.0,7075.0,423.24678239600763,413.42336468187,408.49915582480116,-0.008333333333325754,0.11666666666667425,False,,,,,,,,,
butterfly,2026-08-07 00:00:00,7070.0,7075.0,7080.0,413.42336468187,408.49915582480116,403.47494696773236,-0.049999999999954525,0.07499999999998863,False,,,,,,,,,
butterfly,2026-08-07 00:00:00,7080.0,7090.0,7100.0,403.47494696773236,393.67652925359477,383.8281115394571,-0.025000000000034106,0.07499999999998863,False,,,,,,,,,
butterfly,2026-08-07 00:00:00,7090.0,7100.0,7110.0,393.67652925359477,383.8281115394571,373.9546938253195,-0.012499999999988631,0.07500000000004547,False,,,,,,,,,
butterfly,2026-08-07 00:00:00,7110.0,7120.0,7125.0,373.9546938253195,364.23127611118184,359.232067254113,-0.09166666666664014,0.0,False,,,,,,,,,
butterfly,2026-08-07 00:00:00,7130.0,7140.0,7150.0,354.3328583970442,344.68444068290665,334.886022968769,-0.07500000000004547,0.0999999999999659,False,,,,,,,,,
butterfly,2026-08-07 00:00:00,7150.0,7160.0,7170.0,334.886022968769,325.2376052546314,315.4391875404938,-0.07499999999998863,0.049999999999954525,False,,,,,,,,,
butterfly,2026-08-07 00:00:00,7170.0,7175.0,7180.0,315.4391875404938,310.68997868342495,305.7907698263561,-0.07499999999998863,0.0999999999999659,False,,,,,,,,,
butterfly,2026-08-07 00:00:00,7180.0,7190.0,7195.0,305.7907698263561,296.2923521122185,291.4931432551497,-0.03333333333335986,0.16666666666662877,False,,,,,,,,,
butterfly,2026-08-07 00:00:00,7190.0,7195.0,7200.0,296.2923521122185,291.4931432551497,286.5939343980809,-0.049999999999954525,0.1500000000000341,False,,,,,,,,,
butterfly,2026-08-07 00:00:00,7205.0,7210.0,7215.0,281.79472554101204,277.19551668394325,272.1463078268745,-0.2249999999999659,5.684341886080802e-14,False,,,,,,,,,
butterfly,2026-08-07 00:00:00,7215.0,7220.0,7225.0,272.1463078268745,267.69709896980567,262.5978901127368,-0.3250000000000455,-0.10000000000002274,True,,,,,,,,,
butterfly,2026-08-07 00:00:00,7230.0,7235.0,7240.0,257.998681255668,253.4994723985992,248.35026354153038,-0.3250000000000455,-0.15000000000000568,True,,,,,,,,,
butterfly,2026-08-07 00:00:00,7240.0,7245.0,7250.0,248.35026354153038,244.05105468446155,239.35184582739276,-0.1999999999999602,-0.0999999999999659,True,,,,,,,,,
butterfly,2026-08-07 00:00:00,7245.0,7250.0,7255.0,244.05105468446155,239.35184582739276,234.60263697032394,-0.025000000000034106,0.09999999999999432,False,,,,,,,,,
butterfly,2026-08-07 00:00:00,7255.0,7260.0,7270.0,234.60263697032394,230.00342811325515,220.5050103991175,-0.10000000000002274,0.09999999999999432,False,,,,,,,,,
butterfly,2026-08-07 00:00:00,7270.0,7275.0,7280.0,220.5050103991175,216.25580154204872,211.45659268497988,-0.2750000000000057,-0.15000000000000568,True,,,,,,,,,
butterfly,2026-08-07 00:00:00,7285.0,7290.0,7295.0,206.95738382791106,202.50817497084228,197.60896611377345,-0.22500000000002274,-0.05000000000003979,True,,,,,,,,,
butterfly,2026-08-07 00:00:00,7300.0,7305.0,7310.0,193.00975725670463,188.81054839963582,184.311339542567,-0.15000000000000568,0.04999999999998295,False,,,,,,,,,
butterfly,2026-08-07 00:00:00,7315.0,7320.0,7325.0,179.91213068549823,175.5129218284294,170.71371297136056,-0.19999999999998863,-2.842170943040401e-14,False,,,,,,,,,
butterfly,2026-08-07 00:00:00,7330.0,7335.0,7340.0,166.11450411429178,162.31529525722294,158.01608640015414,-0.25,-0.04999999999998295,True,,,,,,,,,
butterfly,2026-08-07 00:00:00,7335.0,7340.0,7345.0,162.31529525722294,158.01608640015414,153.51687754308534,-0.09999999999999432,0.10000000000002274,False,,,,,,,,,
butterfly,2026-08-07 00:00:00,7355.0,7360.0,7365.0,145.0684598289477,141.1192509718789,136.72004211481007,-0.22500000000002274,-0.05000000000001137,True,,,,,,,,,
butterfly,2026-08-07 00:00:00,7370.0,7375.0,7380.0,132.47083325774128,128.72162440067245,124.12241554360365,-0.42499999999998295,-0.25,True,,,,,,,,,
butterfly,2026-08-07 00:00:00,7380.0,7385.0,7390.0,124.12241554360365,120.22320668653484,116.12399782946602,-0.09999999999999432,0.10000000000000853,False,,,,,,,,,
butterfly,2026-08-07 00:00:00,7400.0,7405.0,7410.0,108.02558011532841,104.22637125825958,100.27716240119076,-0.07499999999998863,0.15000000000000568,False,,,,,,,,,
butterfly,2026-08-07 00:00:00,7410.0,7415.0,7420.0,100.27716240119076,96.82795354412197,93.02874468705315,-0.17500000000001137,0.04999999999999716,False,,,,,,,,,
butterfly,2026-08-07 00:00:00,7415.0,7420.0,7425.0,96.82795354412197,93.02874468705315,89.02953582998434,-0.09999999999999432,0.09999999999999432,False,,,,,,,,,
butterfly,2026-08-07 00:00:00,7440.0,7445.0,7450.0,77.93190925877789,74.43270040170908,70.83349154464028,-0.04999999999999716,0.14999999999999147,False,,,,,,,,,
butterfly,2026-08-07 00:00:00,7450.0,7455.0,7460.0,70.83349154464028,67.53428268757146,64.18507383050266,-0.024999999999991473,0.20000000000000284,False,,,,,,,,,
butterfly,2026-08-07 00:00:00,7460.0,7465.0,7470.0,64.18507383050266,61.48586497343385,57.48665611636503,-0.6500000000000057,-0.3499999999999943,True,,,,,,,,,
butterfly,2026-08-07 00:00:00,7475.0,7480.0,7485.0,54.48744725929622,51.98823840222741,48.0,-0.7445147725793007,-0.4695147725793021,True,,,,,,,,,
butterfly,2026-08-07 00:00:00,7485.0,7490.0,7495.0,48.0,45.6,42.3,-0.45000000000000284,-0.25,True,,,,,,,,,
butterfly,2026-08-07 00:00:00,7505.0,7510.0,7515.0,37.35,34.9,32.35,-0.04999999999999716,0.20000000000000284,False,,,,,,,,,
butterfly,2026-08-07 00:00:00,7530.0,7535.0,7540.0,25.25,23.4,21.299999999999997,-0.125,0.09999999999999787,False,,,,,,,,,
butterfly,2026-08-07 00:00:00,7545.0,7550.0,7555.0,19.200000000000003,17.6,15.85,-0.07499999999999929,0.14999999999999858,False,,,,,,,,,
butterfly,2026-08-07 00:00:00,7565.0,7570.0,7575.0,12.9,11.6,10.2,-0.049999999999998934,0.15000000000000036,False,,,,,,,,,
butterfly,2026-08-07 00:00:00,7575.0,7580.0,7585.0,10.2,9.2,8.05,-0.07499999999999929,0.09999999999999964,False,,,,,,,,,
butterfly,2026-08-07 00:00:00,7585.0,7590.0,7595.0,8.05,7.199999999999999,6.300000000000001,-0.02499999999999858,0.15000000000000036,False,,,,,,,,,
butterfly,2026-08-07 00:00:00,7600.0,7605.0,7610.0,5.4,4.85,4.15,-0.07499999999999929,0.04999999999999982,False,,,,,,,,,
butterfly,2026-08-07 00:00:00,7635.0,7640.0,7645.0,2.025,1.8,1.525,-0.025000000000000133,0.10000000000000009,False,,,,,,,,,
butterfly,2026-08-07 00:00:00,7650.0,7655.0,7660.0,1.35,1.2,1.025,-0.012499999999999956,0.07500000000000018,False,,,,,,,,,
butterfly,2026-08-07 00:00:00,7675.0,7680.0,7685.0,0.7250000000000001,0.6499999999999999,0.55,-0.012499999999999845,0.09999999999999998,False,,,,,,,,,
butterfly,2026-08-07 00:00:00,7690.0,7695.0,7700.0,0.525,0.5,0.4,-0.03749999999999998,0.07500000000000001,False,,,,,,,,,
butterfly,2026-08-07 00:00:00,7705.0,7710.0,7715.0,0.4,0.4,0.35,-0.025000000000000022,0.07500000000000007,False,,,,,,,,,
butterfly,2026-08-07 00:00:00,7715.0,7720.0,7725.0,0.35,0.35,0.3,-0.025000000000000022,0.07500000000000001,False,,,,,,,,,
butterfly,2026-08-07 00:00:00,7725.0,7730.0,7740.0,0.3,0.3,0.25,-0.016666666666666663,0.08333333333333331,False,,,,,,,,,
butterfly,2026-08-07 00:00:00,7740.0,7750.0,7760.0,0.25,0.225,0.175,-0.012500000000000011,0.04999999999999999,False,,,,,,,,,
butterfly,2026-08-07 00:00:00,7760.0,7770.0,7775.0,0.175,0.2,0.2,-0.008333333333333331,0.08333333333333334,False,,,,,,,,,
butterfly,2026-08-07 00:00:00,7775.0,7780.0,7790.0,0.2,0.2,0.175,-0.00833333333333336,0.08333333333333334,False,,,,,,,,,
butterfly,2026-08-07 00:00:00,7850.0,7875.0,7890.0,0.15000000000000002,0.15000000000000002,0.125,-0.015625,0.1,False,,,,,,,,,
butterfly,2026-08-07 00:00:00,7875.0,7890.0,7900.0,0.15000000000000002,0.125,0.1,-0.0049999999999999906,0.12000000000000001,False,,,,,,,,,
butterfly,2026-08-07 00:00:00,7975.0,8000.0,8025.0,0.1,0.1,0.07500000000000001,-0.012499999999999997,0.075,False,,,,,,,,,
butterfly,2026-08-10 00:00:00,5400.0,5600.0,5800.0,2076.0605716523273,1876.6233277006297,1677.161083748932,-0.012500000000045475,0.07500000000027285,False,,,,,,,,,
butterfly,2026-08-10 00:00:00,6500.0,6525.0,6600.0,979.4307299179901,954.544824424028,879.8371079421413,-0.012500000000045475,0.08750000000009095,False,,,,,,,,,
butterfly,2026-08-10 00:00:00,6525.0,6600.0,6625.0,954.544824424028,879.8371079421413,854.9262024481792,-0.0062499999999090505,0.11249999999995453,False,,,,,,,,,
butterfly,2026-08-10 00:00:00,6625.0,6650.0,6700.0,854.9262024481792,830.0652969542169,780.2684859662925,-0.024999999999977263,0.10000000000002274,False,,,,,,,,,
butterfly,2026-08-10 00:00:00,6850.0,6875.0,6900.0,631.0780530025193,606.292147508557,581.4812420145948,-0.012500000000045475,0.10000000000002274,False,,,,,,,,,
butterfly,2026-08-10 00:00:00,7000.0,7025.0,7050.0,482.512620038746,457.9517145447838,433.2908090508216,-0.05000000000001137,0.10000000000002274,False,,,,,,,,,
butterfly,2026-08-10 00:00:00,7125.0,7150.0,7160.0,359.983092568935,336.14718707497275,326.37282487738787,-0.17142857142857792,0.028571428571410706,False,,,,,,,,,
butterfly,2026-08-10 00:00:00,7170.0,7175.0,7180.0,316.748462679803,312.21128158101055,307.3241004822181,-0.17499999999995453,0.049999999999954525,False,,,,,,,,,
butterfly,2026-08-10 00:00:00,7190.0,7200.0,7220.0,297.7497382846332,288.4253760870484,269.7266516918786,-0.016666666666708352,0.2333333333333485,False,,,,,,,,,
butterfly,2026-08-10 00:00:00,7200.0,7220.0,7225.0,288.4253760870484,269.7266516918786,264.98947059308614,-0.05000000000001137,0.19999999999998863,False,,,,,,,,,
butterfly,2026-08-10 00:00:00,7225.0,7230.0,7240.0,264.98947059308614,260.3522894942937,250.97792729670883,-0.03333333333330302,0.19999999999998863,False,,,,,,,,,
butterfly,2026-08-10 00:00:00,7260.0,7275.0,7280.0,232.62920290153906,219.11765960516172,214.4304785063693,-0.13749999999998863,0.1500000000000341,False,,,,,,,,,
butterfly,2026-08-10 00:00:00,7320.0,7325.0,7330.0,179.08302971602976,174.79584861723734,170.30866751844488,-0.10000000000002274,0.14999999999997726,False,,,,,,,,,
butterfly,2026-08-10 00:00:00,7330.0,7340.0,7345.0,170.30866751844488,161.93430532086,157.69712422206754,-0.03333333333335986,0.19999999999998863,False,,,,,,,,,
butterfly,2026-08-10 00:00:00,7370.0,7375.0,7380.0,136.91121872810535,133.0740376293129,128.63685653052048,-0.29999999999998295,0.0,False,,,,,,,,,
butterfly,2026-08-10 00:00:00,7385.0,7395.0,7400.0,124.59967543172802,116.87531323414314,112.93813213535071,-0.04999999999998295,0.20000000000001705,False,,,,,,,,,
butterfly,2026-08-10 00:00:00,7410.0,7415.0,7420.0,105.31376993776583,101.87658883897338,97.78940774018093,-0.32500000000000284,0.0,False,,,,,,,,,
butterfly,2026-08-10 00:00:00,7430.0,7440.0,7445.0,90.31504554259605,83.34068334501117,79.80350224621873,-0.03333333333333144,0.29999999999999716,False,,,,,,,,,
butterfly,2026-08-10 00:00:00,7455.0,7460.0,7465.0,73.02914004863385,70.0919589498414,66.45477785104896,-0.3499999999999943,0.09999999999999432,False,,,,,,,,,
butterfly,2026-08-10 00:00:00,7475.0,7480.0,7500.0,59.88041565346408,57.79323455467164,45.05,-0.8789020319003811,-0.3889020319003791,True,,,,,,,,,
butterfly,2026-08-10 00:00:00,7500.0,7505.0,7510.0,45.05,42.85,40.099999999999994,-0.2750000000000057,0.04999999999999716,False,,,,,,,,,
butterfly,2026-08-10 00:00:00,7510.0,7515.0,7520.0,40.099999999999994,37.65,35.05,-0.07500000000000284,0.25,False,,,,,,,,,
butterfly,2026-08-10 00:00:00,7620.0,7625.0,7630.0,5.15,4.65,4.1,-0.025000000000000355,0.25,False,,,,,,,,,
butterfly,2026-08-10 00:00:00,7720.0,7725.0,7750.0,0.5,0.5,0.325,-0.029166666666666674,0.07500000000000001,False,,,,,,,,,
butterfly,2026-08-10 00:00:00,7775.0,7800.0,7825.0,0.25,0.22499999999999998,0.175,-0.012499999999999983,0.12500000000000003,False,,,,,,,,,
butterfly,2026-08-10 00:00:00,7825.0,7850.0,7875.0,0.175,0.175,0.15000000000000002,-0.012499999999999983,0.125,False,,,,,,,,,
butterfly,2026-08-11 00:00:00,6675.0,6700.0,6750.0,810.386354823088,785.3924624333639,735.3796776539157,-0.008333333333325754,0.11666666666667425,False,,,,,,,,,
butterfly,2026-08-11 00:00:00,6750.0,6775.0,6800.0,735.3796776539157,710.4357852641915,685.4668928744674,-0.012500000000045475,0.09999999999990905,False,,,,,,,,,
butterfly,2026-08-11 00:00:00,6775.0,6800.0,6825.0,710.4357852641915,685.4668928744674,660.4730004847431,-0.012500000000045475,0.10000000000002274,False,,,,,,,,,
butterfly,2026-08-11 00:00:00,6825.0,6850.0,6875.0,660.4730004847431,635.5791080950191,610.660215705295,-0.012500000000045475,0.10000000000002274,False,,,,,,,,,
butterfly,2026-08-11 00:00:00,6850.0,6875.0,6900.0,635.5791080950191,610.660215705295,585.7163233155708,-0.012499999999931788,0.10000000000002274,False,,,,,,,,,
butterfly,2026-08-11 00:00:00,6925.0,7000.0,7025.0,560.8974309258466,486.6157537566742,461.8468613669501,-0.006249999999965894,0.18750000000005684,False,,,,,,,,,
butterfly,2026-08-11 00:00:00,7075.0,7100.0,7125.0,412.65907658750183,388.49018419777764,364.1712918080535,-0.07499999999998863,0.19999999999998863,False,,,,,,,,,
butterfly,2026-08-11 00:00:00,7190.0,7200.0,7220.0,301.94217159477074,292.5646146388811,273.7595007271018,-0.01666666666665151,0.20000000000004547,False,,,,,,,,,
butterfly,2026-08-11 00:00:00,7220.0,7225.0,7230.0,273.7595007271018,269.14572224915696,264.4819437712121,-0.024999999999977263,0.19999999999998863,False,,,,,,,,,
butterfly,2026-08-11 00:00:00,7230.0,7240.0,7250.0,264.4819437712121,255.40438681532248,246.07682985943282,-0.125,0.15000000000000568,False,,,,,,,,,
butterfly,2026-08-11 00:00:00,7250.0,7260.0,7300.0,246.07682985943282,237.09927290354318,200.93904507998457,-0.05000000000001137,0.19999999999998863,False,,,,,,,,,
butterfly,2026-08-11 00:00:00,7400.0,7420.0,7425.0,117.56347552108798,102.90836160930868,98.79458313136385,-0.35999999999999943,-0.05999999999998806,True,,,,,,,,,
butterfly,2026-08-11 00:00:00,7485.0,7500.0,7505.0,58.5,49.95,47.05,-0.037500000000008527,0.375,False,,,,,,,,,
butterfly,2026-08-11 00:00:00,7510.0,7520.0,7525.0,44.3,39.35,36.8,-0.05000000000000426,0.3999999999999986,False,,,,,,,,,
butterfly,2026-08-11 00:00:00,7575.0,7580.0,7590.0,17.15,15.950000000000001,13.25,-0.1000000000000032,0.1999999999999993,False,,,,,,,,,
butterfly,2026-08-11 00:00:00,7650.0,7660.0,7670.0,3.55,2.875,2.15,-0.025000000000000355,0.17500000000000027,False,,,,,,,,,
butterfly,2026-08-11 00:00:00,7670.0,7675.0,7680.0,2.15,2.0,1.775,-0.03750000000000009,0.1499999999999999,False,,,,,,,,,
butterfly,2026-08-12 00:00:00,6700.0,6725.0,6750.0,779.4895307218143,754.7433883475848,729.9722459733554,-0.012499999999931788,0.10000000000002274,False,,,,,,,,,
butterfly,2026-08-12 00:00:00,6750.0,6775.0,6800.0,729.9722459733554,705.3011035991258,680.5549612248963,-0.03749999999990905,0.07499999999993179,False,,,,,,,,,
butterfly,2026-08-12 00:00:00,6800.0,6825.0,6850.0,680.5549612248963,655.9088188506668,631.1876764764372,-0.03750000000002274,0.07499999999993179,False,,,,,,,,,
butterfly,2026-08-12 00:00:00,6875.0,6900.0,6925.0,606.5415341022077,582.0703917279783,557.4242493537488,-0.08749999999997726,0.09999999999990905,False,,,,,,,,,
butterfly,2026-08-12 00:00:00,6925.0,6950.0,6975.0,557.4242493537488,532.9781069795193,508.3319646052898,-0.10000000000002274,0.09999999999990905,False,,,,,,,,,
butterfly,2026-08-12 00:00:00,7025.0,7050.0,7075.0,459.58967985683074,435.54353748260127,411.29739510837175,-0.10000000000002274,0.20000000000004547,False,,,,,,,,,
butterfly,2026-08-12 00:00:00,7100.0,7110.0,7125.0,387.25125273414227,377.86279578445044,363.55511035991276,-0.08999999999997499,0.1400000000000432,False,,,,,,,,,
butterfly,2026-08-12 00:00:00,7110.0,7125.0,7140.0,377.86279578445044,363.55511035991276,349.197424935375,-0.025000000000034106,0.20000000000004547,False,,,,,,,,,
butterfly,2026-08-12 00:00:00,7140.0,7150.0,7170.0,349.197424935375,339.85896798568325,321.08205408629965,-0.03333333333335986,0.2666666666666515,False,,,,,,,,,
butterfly,2026-08-12 00:00:00,7170.0,7175.0,7190.0,321.08205408629965,316.6128256114538,302.4551401869161,-0.1875,0.0999999999999659,False,,,,,,,,,
butterfly,2026-08-12 00:00:00,7190.0,7200.0,7225.0,302.4551401869161,293.3666832372242,270.37054086299474,-0.07857142857136523,0.17142857142857792,False,,,,,,,,,
butterfly,2026-08-12 00:00:00,7200.0,7225.0,7240.0,293.3666832372242,270.37054086299474,256.562855438457,-0.006250000000022737,0.21249999999997726,False,,,,,,,,,
butterfly,2026-08-12 00:00:00,7240.0,7250.0,7260.0,256.562855438457,247.82439848876524,238.73594153907345,-0.17500000000001137,0.14999999999997726,False,,,,,,,,,
butterfly,2026-08-12 00:00:00,7260.0,7275.0,7280.0,238.73594153907345,225.62825611453573,221.15902763968984,-0.07499999999998863,0.22500000000002274,False,,,,,,,,,
butterfly,2026-08-12 00:00:00,7425.0,7430.0,7440.0,104.05140186915872,100.68217339431283,93.49371644462101,-0.15000000000000568,0.29999999999999716,False,,,,,,,,,
butterfly,2026-08-12 00:00:00,7475.0,7480.0,7490.0,70.55911712069972,67.43988864585383,61.2,-0.00047723205400984625,0.4328561012793273,False,,,,,,,,,
butterfly,2026-08-12 00:00:00,7500.0,7510.0,7525.0,55.05,50.15,42.45,-0.14000000000000767,0.259999999999998,False,,,,,,,,,
butterfly,2026-08-12 00:00:00,7545.0,7550.0,7555.0,33.2,31.0,28.65,-0.07499999999999929,0.3000000000000007,False,,,,,,,,,
butterfly,2026-08-12 00:00:00,7620.0,7625.0,7630.0,10.05,9.25,8.35,-0.05000000000000071,0.25,False,,,,,,,,,
butterfly,2026-08-13 00:00:00,6450.0,6500.0,6550.0,1026.38856304988,976.9316715542777,927.4497800586754,-0.012500000000045475,0.10000000000002274,False,,,,,,,,,
butterfly,2026-08-13 00:00:00,6725.0,6750.0,6775.0,754.5256598240675,729.8722140762665,705.1937683284652,-0.012500000000159162,0.12499999999988631,False,,,,,,,,,
butterfly,2026-08-13 00:00:00,6825.0,6875.0,6900.0,655.986876832863,606.9299853372606,582.3265395894596,-0.04999999999984084,0.13333333333343944,False,,,,,,,,,
butterfly,2026-08-13 00:00:00,6975.0,7000.0,7025.0,509.1162023460562,485.01275659825507,460.8093108504539,-0.05000000000001137,0.14999999999997726,False,,,,,,,,,
butterfly,2026-08-13 00:00:00,7050.0,7060.0,7075.0,436.6558651026528,427.08448680353234,412.65241935485165,-0.03000000000002956,0.21999999999997044,False,,,,,,,,,
butterfly,2026-08-13 00:00:00,7225.0,7240.0,7250.0,273.0317448680449,259.8496774193642,250.77829912024376,-0.16999999999995907,0.15999999999996817,False,,,,,,,,,
butterfly,2026-08-13 00:00:00,7350.0,7375.0,7390.0,165.6145161290392,145.8610703812381,133.97900293255742,-0.01875000000001137,0.36249999999998295,False,,,,,,,,,
butterfly,2026-08-13 00:00:00,7390.0,7400.0,7410.0,133.97900293255742,127.00762463343696,118.93624633431651,-0.5499999999999972,-0.20000000000000284,True,,,,,,,,,
butterfly,2026-08-13 00:00:00,7425.0,7430.0,7440.0,108.25417888563584,104.8934897360756,97.82211143695514,-0.11666666666664582,0.29999999999998295,False,,,,,,,,,
butterfly,2026-08-13 00:00:00,7430.0,7440.0,7445.0,104.8934897360756,97.82211143695514,94.26142228739492,-0.01666666666665151,0.4000000000000057,False,,,,,,,,,
butterfly,2026-08-13 00:00:00,7445.0,7450.0,7470.0,94.26142228739492,91.5507331378347,78.55797653959378,-0.4300000000000068,-0.07999999999998408,True,,,,,,,,,
butterfly,2026-08-13 00:00:00,7450.0,7470.0,7475.0,91.5507331378347,78.55797653959378,74.84728739003356,-0.36999999999999034,-0.01999999999999602,True,,,,,,,,,
butterfly,2026-08-13 00:00:00,7475.0,7480.0,7500.0,74.84728739003356,71.88659824047333,60.0,-0.008768328446493001,0.3912316715534985,False,,,,,,,,,
butterfly,2026-08-13 00:00:00,7510.0,7525.0,7530.0,54.25,46.5,43.900000000000006,-0.012499999999995737,0.3750000000000071,False,,,,,,,,,
butterfly,2026-08-13 00:00:00,7530.0,7540.0,7550.0,43.900000000000006,39.45,34.85,-0.07500000000000284,0.25,False,,,,,,,,,
butterfly,2026-08-13 00:00:00,7620.0,7625.0,7630.0,12.7,11.9,10.55,-0.27500000000000036,-0.05000000000000071,True,,,,,,,,,
butterfly,2026-08-13 00:00:00,7660.0,7675.0,7680.0,6.1,4.65,4.15,-0.012500000000000178,0.27499999999999947,False,,,,,,,,,
butterfly,2026-08-14 00:00:00,5700.0,5800.0,5900.0,1780.4898208200411,1680.8526328511175,1581.190444882194,-0.012499999999818101,0.10000000000013642,False,,,,,,,,,
butterfly,2026-08-14 00:00:00,5950.0,6000.0,6050.0,1531.3718508977322,1481.5782569132705,1431.759662928809,-0.012500000000045475,0.09999999999990905,False,,,,,,,,,
butterfly,2026-08-14 00:00:00,6100.0,6150.0,6200.0,1381.941068944347,1332.1724749598854,1282.3538809754236,-0.02500000000009095,0.0749999999998181,False,,,,,,,,,
butterfly,2026-08-14 00:00:00,6250.0,6275.0,6300.0,1232.5852869909618,1207.700989998731,1182.7916930065,-0.012500000000272848,0.10000000000013642,False,,,,,,,,,
butterfly,2026-08-14 00:00:00,6300.0,6325.0,6350.0,1182.7916930065,1157.9323960142692,1133.0230990220384,-0.02500000000009095,0.09999999999990905,False,,,,,,,,,
butterfly,2026-08-14 00:00:00,6350.0,6375.0,6400.0,1133.0230990220384,1108.1638020298074,1083.2795050375767,-0.012499999999818101,0.10000000000013642,False,,,,,,,,,
butterfly,2026-08-14 00:00:00,6400.0,6450.0,6475.0,1083.2795050375767,1033.5609110531148,1008.6766140608838,-0.01666666666665151,0.08333333333348492,False,,,,,,,,,
butterfly,2026-08-14 00:00:00,6500.0,6525.0,6550.0,983.8173170686529,958.9830200764221,934.1237230841913,-0.012500000000045475,0.12499999999988631,False,,,,,,,,,
butterfly,2026-08-14 00:00:00,6600.0,6625.0,6650.0,884.4551290997294,859.6458321074986,834.8115351152677,-0.012500000000045475,0.125,False,,,,,,,,,
butterfly,2026-08-14 00:00:00,6650.0,6675.0,6700.0,834.8115351152677,810.0272381230368,785.2179411308059,-0.012500000000045475,0.125,False,,,,,,,,,
butterfly,2026-08-14 00:00:00,6725.0,6750.0,6775.0,760.4586441385751,735.7243471463441,710.9650501541133,-0.012499999999931788,0.14999999999997726,False,,,,,,,,,
butterfly,2026-08-14 00:00:00,6775.0,6800.0,6825.0,710.9650501541133,686.3307531618824,661.5964561696516,-0.049999999999954525,0.15000000000009095,False,,,,,,,,,
butterfly,2026-08-14 00:00:00,6825.0,6850.0,6875.0,661.5964561696516,636.9621591774206,612.2278621851898,-0.049999999999954525,0.15000000000009095,False,,,,,,,,,
butterfly,2026-08-14 00:00:00,6875.0,6880.0,6900.0,612.2278621851898,607.3910027867436,587.7935651929589,-0.049999999999954525,0.20000000000004547,False,,,,,,,,,
butterfly,2026-08-14 00:00:00,6880.0,6900.0,6920.0,607.3910027867436,587.7935651929589,568.1461275991742,-0.024999999999977263,0.20000000000004547,False,,,,,,,,,
butterfly,2026-08-14 00:00:00,6900.0,6920.0,6925.0,587.7935651929589,568.1461275991742,563.159268200728,-0.05999999999994543,0.13999999999998636,False,,,,,,,,,
butterfly,2026-08-14 00:00:00,6925.0,6930.0,6950.0,563.159268200728,558.3724088022818,538.8249712084971,-0.08000000000004093,0.12000000000000455,False,,,,,,,,,
butterfly,2026-08-14 00:00:00,6930.0,6950.0,6975.0,558.3724088022818,538.8249712084971,514.2906742162662,-0.044444444444479814,0.15555555555567935,False,,,,,,,,,
butterfly,2026-08-14 00:00:00,7000.0,7010.0,7025.0,489.95637722403535,480.432658427143,465.72208023180445,-0.17000000000001592,0.08000000000004093,False,,,,,,,,,
butterfly,2026-08-14 00:00:00,7025.0,7030.0,7040.0,465.72208023180445,461.18522083335824,451.2615020364659,-0.283333333333303,-0.03333333333330302,True,,,,,,,,,
butterfly,2026-08-14 00:00:00,7050.0,7060.0,7070.0,441.78778323957357,432.36406444268124,422.5403456457889,-0.19999999999998863,0.05000000000001137,False,,,,,,,,,
butterfly,2026-08-14 00:00:00,7075.0,7080.0,7090.0,417.8534862473427,413.16662684889656,403.44290805200416,-0.11666666666673109,0.0999999999999659,False,,,,,,,,,
butterfly,2026-08-14 00:00:00,7100.0,7110.0,7120.0,394.0191892551118,384.69547045821946,375.27175166132713,-0.049999999999954525,0.19999999999998863,False,,,,,,,,,
butterfly,2026-08-14 00:00:00,7120.0,7125.0,7130.0,375.27175166132713,370.58489226288094,365.5980328644348,-0.14999999999997726,0.05000000000001137,False,,,,,,,,,
butterfly,2026-08-14 00:00:00,7130.0,7140.0,7150.0,365.5980328644348,356.5743140675424,347.10059527065005,-0.2249999999999659,0.05000000000001137,False,,,,,,,,,
butterfly,2026-08-14 00:00:00,7150.0,7160.0,7170.0,347.10059527065005,337.9268764737577,328.4531576768654,-0.14999999999997726,0.1500000000000341,False,,,,,,,,,
butterfly,2026-08-14 00:00:00,7175.0,7180.0,7190.0,323.86629827841915,319.379438879973,310.15572008308067,-0.08333333333337123,0.19999999999998863,False,,,,,,,,,
butterfly,2026-08-14 00:00:00,7250.0,7260.0,7270.0,256.01340730172655,247.3896885048342,238.46596970794184,-0.15000000000000568,0.14999999999997726,False,,,,,,,,,
butterfly,2026-08-14 00:00:00,7270.0,7275.0,7280.0,238.46596970794184,234.32911030949566,229.69225091104948,-0.25,0.09999999999999432,False,,,,,,,,,
butterfly,2026-08-14 00:00:00,7355.0,7360.0,7370.0,166.98935993435683,163.35250053591068,154.9787817390183,-0.36666666666667425,-0.03333333333330302,True,,,,,,,,,
butterfly,2026-08-14 00:00:00,7370.0,7375.0,7380.0,154.9787817390183,151.19192234057215,147.25506294212596,-0.07500000000001705,0.24999999999997158,False,,,,,,,,,
butterfly,2026-08-14 00:00:00,7395.0,7400.0,7405.0,135.64448474678744,131.90762534834124,127.92076594989508,-0.12499999999997158,0.25,False,,,,,,,,,
butterfly,2026-08-14 00:00:00,7410.0,7420.0,7425.0,124.38390655144889,117.56018775455655,113.47332835611039,-0.44999999999998863,-0.06666666666666288,True,,,,,,,,,
butterfly,2026-08-14 00:00:00,7430.0,7435.0,7440.0,109.7864689576642,106.54960955921803,102.71275016077183,-0.30000000000001137,0.14999999999999147,False,,,,,,,,,
butterfly,2026-08-14 00:00:00,7445.0,7450.0,7460.0,99.42589076232566,96.1390313638795,89.16531256698714,-0.13333333333333997,0.26666666666667993,False,,,,,,,,,
butterfly,2026-08-14 00:00:00,7465.0,7470.0,7475.0,85.87845316854097,82.99159377009478,79.70473437164861,-0.19999999999998863,0.30000000000001137,False,,,,,,,,,
butterfly,2026-08-14 00:00:00,7475.0,7480.0,7490.0,79.70473437164861,76.81787497320242,70.1,-0.3147187254366912,0.08528127456331447,False,,,,,,,,,
butterfly,2026-08-14 00:00:00,7490.0,7500.0,7510.0,70.1,64.8,58.85,-0.32500000000000284,0.05000000000001137,False,,,,,,,,,
butterfly,2026-08-14 00:00:00,7510.0,7515.0,7520.0,58.85,56.75,53.900000000000006,-0.375,0.04999999999999716,False,,,,,,,,,
butterfly,2026-08-14 00:00:00,7525.0,7530.0,7535.0,51.2,48.8,46.2,-0.09999999999999432,0.29999999999999716,False,,,,,,,,,
butterfly,2026-08-14 00:00:00,7570.0,7575.0,7580.0,30.8,29.3,27.5,-0.15000000000000213,0.25,False,,,,,,,,,
butterfly,2026-08-14 00:00:00,7575.0,7580.0,7585.0,29.3,27.5,25.65,-0.02499999999999858,0.34999999999999787,False,,,,,,,,,
butterfly,2026-08-14 00:00:00,7585.0,7590.0,7595.0,25.65,24.049999999999997,22.35,-0.04999999999999716,0.25,False,,,,,,,,,
butterfly,2026-08-14 00:00:00,7600.0,7605.0,7610.0,20.85,19.5,18.049999999999997,-0.05000000000000071,0.3000000000000007,False,,,,,,,,,
butterfly,2026-08-14 00:00:00,7620.0,7625.0,7630.0,15.55,14.6,13.3,-0.17499999999999893,0.05000000000000071,False,,,,,,,,,
butterfly,2026-08-14 00:00:00,7630.0,7635.0,7640.0,13.3,12.45,11.35,-0.125,0.14999999999999858,False,,,,,,,,,
butterfly,2026-08-14 00:00:00,7660.0,7670.0,7675.0,8.05,6.9,6.199999999999999,-0.08333333333333304,0.13333333333333375,False,,,,,,,,,
butterfly,2026-08-14 00:00:00,7720.0,7725.0,7730.0,2.675,2.5,2.25,-0.03750000000000009,0.09999999999999964,False,,,,,,,,,
butterfly,2026-08-14 00:00:00,7775.0,7780.0,7790.0,1.1,1.05,0.925,-0.008333333333333304,0.10000000000000009,False,,,,,,,,,
butterfly,2026-08-14 00:00:00,7875.0,7880.0,7900.0,0.425,0.425,0.375,-0.009999999999999953,0.14,False,,,,,,,,,
butterfly,2026-08-14 00:00:00,7900.0,7925.0,7950.0,0.375,0.35,0.3,-0.012499999999999956,0.10000000000000003,False,,,,,,,,,
butterfly,2026-08-14 00:00:00,7950.0,7975.0,8000.0,0.3,0.3,0.25,-0.024999999999999967,0.07499999999999996,False,,,,,,,,,
butterfly,2026-08-14 00:00:00,8100.0,8150.0,8200.0,0.2,0.2,0.15000000000000002,-0.024999999999999994,0.07500000000000001,False,,,,,,,,,
butterfly,2026-08-14 00:00:00,8250.0,8300.0,8400.0,0.15000000000000002,0.15000000000000002,0.1,-0.016666666666666663,0.08333333333333334,False,,,,,,,,,
butterfly,2026-08-17 00:00:00,6625.0,6675.0,6700.0,860.7395258910552,811.1640047074643,786.3512441156687,-0.016666666666765195,0.1999999999999318,False,,,,,,,,,
butterfly,2026-08-17 00:00:00,6750.0,6800.0,6825.0,736.8757229320777,687.5502017484866,662.837441156691,-0.03333333333330302,0.1999999999999318,False,,,,,,,,,
butterfly,2026-08-17 00:00:00,7075.0,7100.0,7125.0,419.9098352387359,396.34707464694037,372.7343140551449,-0.02499999999992042,0.25000000000005684,False,,,,,,,,,
butterfly,2026-08-17 00:00:00,7150.0,7170.0,7175.0,349.7215534633494,331.351344989913,326.50879287155385,-0.20000000000004547,0.13999999999998636,False,,,,,,,,,
butterfly,2026-08-17 00:00:00,7180.0,7200.0,7225.0,321.66624075319476,303.89603227975834,281.2332716879628,-0.19999999999998863,0.10000000000002274,False,,,,,,,,,
butterfly,2026-08-17 00:00:00,7470.0,7475.0,7500.0,87.74821788836674,84.65566577000764,68.9,-0.04881752970202058,0.3511824702979851,False,,,,,,,,,
butterfly,2026-08-17 00:00:00,7510.0,7520.0,7525.0,63.3,58.5,55.65,-0.29999999999999716,0.1666666666666714,False,,,,,,,,,
butterfly,2026-08-17 00:00:00,7580.0,7590.0,7600.0,31.3,28.0,24.450000000000003,-0.125,0.25,False,,,,,,,,,
butterfly,2026-08-18 00:00:00,7000.0,7050.0,7075.0,497.2256418742724,449.5192527648922,425.6160582102021,-0.03333333333330302,0.1999999999999318,False,,,,,,,,,
butterfly,2026-08-18 00:00:00,7075.0,7100.0,7125.0,425.6160582102021,402.362863655512,378.9096691008219,-0.10000000000002274,0.1999999999999318,False,,,,,,,,,
butterfly,2026-08-19 00:00:00,6875.0,6900.0,6925.0,616.9968750000012,592.6300000000011,568.1131250000011,-0.07499999999993179,0.20000000000004547,False,,,,,,,,,
butterfly,2026-08-19 00:00:00,6925.0,6975.0,7000.0,568.1131250000011,520.0293750000011,495.96250000000106,-0.01666666666665151,0.2666666666666515,False,,,,,,,,,
butterfly,2026-08-19 00:00:00,6975.0,7000.0,7025.0,520.0293750000011,495.96250000000106,471.79562500000105,-0.05000000000001137,0.25,False,,,,,,,,,
butterfly,2026-08-20 00:00:00,6775.0,6800.0,6825.0,719.8122901078426,695.414290745925,670.8162913840074,-0.09999999999990905,0.14999999999997726,False,,,,,,,,,
butterfly,2026-08-20 00:00:00,6825.0,6850.0,6900.0,670.8162913840074,646.4682920220899,597.7222932982547,-0.016666666666765195,0.1999999999999318,False,,,,,,,,,
butterfly,2026-08-20 00:00:00,7375.0,7380.0,7400.0,169.71030542182126,166.17070554943777,150.9623060599037,-0.21000000000000796,0.23999999999998067,False,,,,,,,,,
butterfly,2026-08-21 00:00:00,5275.0,5300.0,5325.0,2192.5967465987387,2167.8956030169825,2143.0944594352254,-0.050000000000636646,0.0749999999998181,False,,,,,,,,,
butterfly,2026-08-21 00:00:00,5325.0,5350.0,5375.0,2143.0944594352254,2118.3433158534685,2093.5671722717116,-0.012500000000272848,0.17499999999972715,False,,,,,,,,,
butterfly,2026-08-21 00:00:00,5375.0,5400.0,5425.0,2093.5671722717116,2068.8660286899544,2044.0898851081974,-0.03749999999990905,0.125,False,,,,,,,,,
butterfly,2026-08-21 00:00:00,5500.0,5550.0,5560.0,1969.8364543629268,1920.4091671994129,1910.4737097667103,-0.041666666666515084,0.13333333333343944,False,,,,,,,,,
butterfly,2026-08-21 00:00:00,5575.0,5580.0,5590.0,1895.608023617656,1890.6777949013047,1880.767337468602,-0.01666666666665151,0.15000000000009095,False,,,,,,,,,
butterfly,2026-08-21 00:00:00,5590.0,5600.0,5610.0,1880.767337468602,1870.9318800358992,1860.9714226031963,-0.0625,0.0749999999998181,False,,,,,,,,,
butterfly,2026-08-21 00:00:00,5610.0,5620.0,5625.0,1860.9714226031963,1851.0859651704934,1846.1307364541422,-0.008333333332984694,0.14999999999986358,False,,,,,,,,,
butterfly,2026-08-21 00:00:00,5625.0,5630.0,5640.0,1846.1307364541422,1841.2005077377908,1831.290050305088,-0.01666666666665151,0.16666666666651508,False,,,,,,,,,
butterfly,2026-08-21 00:00:00,5640.0,5650.0,5660.0,1831.290050305088,1821.4045928723854,1811.4941354396826,-0.012500000000045475,0.14999999999986358,False,,,,,,,,,
butterfly,2026-08-21 00:00:00,5670.0,5680.0,5690.0,1801.6086780069797,1791.723220574277,1781.8127631415744,-0.012500000000045475,0.15000000000009095,False,,,,,,,,,
butterfly,2026-08-21 00:00:00,5690.0,5700.0,5710.0,1781.8127631415744,1771.9273057088712,1762.0168482761685,-0.012499999999818101,0.1750000000001819,False,,,,,,,,,
butterfly,2026-08-21 00:00:00,5720.0,5725.0,5730.0,1752.1313908434659,1747.2511621271146,1742.2459334107632,-0.0625,0.0749999999998181,False,,,,,,,,,
butterfly,2026-08-21 00:00:00,5740.0,5750.0,5760.0,1732.3604759780603,1722.5000185453575,1712.564561112655,-0.03749999999990905,0.12499999999977263,False,,,,,,,,,
butterfly,2026-08-21 00:00:00,5770.0,5775.0,5780.0,1702.6541036799522,1697.7238749636006,1692.7686462472493,-0.012499999999818101,0.14999999999986358,False,,,,,,,,,
butterfly,2026-08-21 00:00:00,5790.0,5800.0,5810.0,1682.8831888145464,1673.0477313818437,1663.112273949141,-0.0500000000001819,0.125,False,,,,,,,,,
butterfly,2026-08-21 00:00:00,5820.0,5825.0,5830.0,1653.2018165164382,1648.2715878000868,1643.3163590837355,-0.012499999999818101,0.15000000000031832,False,,,,,,,,,
butterfly,2026-08-21 00:00:00,5840.0,5850.0,5860.0,1633.4059016510328,1623.54544421833,1613.6349867856272,-0.02500000000009095,0.12500000000022737,False,,,,,,,,,
butterfly,2026-08-21 00:00:00,5870.0,5875.0,5880.0,1603.7495293529244,1598.819300636573,1593.8640719202215,-0.012500000000045475,0.15000000000009095,False,,,,,,,,,
butterfly,2026-08-21 00:00:00,5900.0,5910.0,5920.0,1574.093157054816,1564.2076996221133,1554.2972421894106,-0.012500000000045475,0.17499999999995453,False,,,,,,,,,
butterfly,2026-08-21 00:00:00,5920.0,5925.0,5930.0,1554.2972421894106,1549.4170134730591,1544.4367847567078,-0.049999999999954525,0.125,False,,,,,,,,,
butterfly,2026-08-21 00:00:00,5940.0,5950.0,5960.0,1534.526327324005,1524.7158698913024,1514.7554124585993,-0.07500000000027285,0.07500000000004547,False,,,,,,,,,
butterfly,2026-08-21 00:00:00,5970.0,5975.0,5980.0,1504.8699550258966,1499.9897263095454,1494.984497593194,-0.0625,0.0749999999998181,False,,,,,,,,,
butterfly,2026-08-21 00:00:00,5980.0,6000.0,6010.0,1494.984497593194,1475.2885827277885,1465.3281252950856,-0.07500000000004547,0.08333333333348492,False,,,,,,,,,
butterfly,2026-08-21 00:00:00,6025.0,6030.0,6050.0,1450.4874391460314,1445.5572104296803,1425.7862955642745,-0.010000000000218279,0.1599999999996271,False,,,,,,,,,
butterfly,2026-08-21 00:00:00,6070.0,6075.0,6080.0,1406.015380698869,1401.0851519825178,1396.1299232661663,-0.012500000000272848,0.17499999999995453,False,,,,,,,,,
butterfly,2026-08-21 00:00:00,6090.0,6100.0,6110.0,1386.2444658334634,1376.4590084007607,1366.548550968058,-0.0625,0.049999999999954525,False,,,,,,,,,
butterfly,2026-08-21 00:00:00,6120.0,6125.0,6140.0,1356.6630935353553,1351.7578648190038,1336.9421786699495,-0.024999999999863576,0.12500000000022737,False,,,,,,,,,
butterfly,2026-08-21 00:00:00,6125.0,6140.0,6150.0,1351.7578648190038,1336.9421786699495,1327.0567212372468,-0.004999999999881766,0.13000000000010914,False,,,,,,,,,
butterfly,2026-08-21 00:00:00,6140.0,6150.0,6160.0,1336.9421786699495,1327.0567212372468,1317.146263804544,-0.012500000000045475,0.09999999999990905,False,,,,,,,,,
butterfly,2026-08-21 00:00:00,6160.0,6175.0,6190.0,1317.146263804544,1302.35557765549,1287.4398915064357,-0.0625,0.07500000000004547,False,,,,,,,,,
butterfly,2026-08-21 00:00:00,6190.0,6200.0,6210.0,1287.4398915064357,1277.5794340737332,1267.6939766410303,-0.012500000000045475,0.15000000000009095,False,,,,,,,,,
butterfly,2026-08-21 00:00:00,6220.0,6225.0,6230.0,1257.8835192083275,1252.9782904919762,1247.9230617756245,-0.07500000000027285,0.049999999999954525,False,,,,,,,,,
butterfly,2026-08-21 00:00:00,6240.0,6250.0,6260.0,1238.062604342922,1228.302146910219,1218.4166894775165,-0.0625,0.07500000000004547,False,,,,,,,,,
butterfly,2026-08-21 00:00:00,6260.0,6270.0,6275.0,1218.4166894775165,1208.5312320448136,1203.5010033284623,-0.05833333333316659,0.06666666666660603,False,,,,,,,,,
butterfly,2026-08-21 00:00:00,6275.0,6300.0,6310.0,1203.5010033284623,1178.8498597467055,1168.9644023140024,-0.01785714285733775,0.15714285714261678,False,,,,,,,,,
butterfly,2026-08-21 00:00:00,6325.0,6330.0,6350.0,1154.1737161649485,1149.243487448597,1129.4975725831914,-0.005000000000109139,0.16999999999984539,False,,,,,,,,,
butterfly,2026-08-21 00:00:00,6350.0,6360.0,6370.0,1129.4975725831914,1119.7871151504887,1109.801657717786,-0.13750000000004547,0.024999999999863576,False,,,,,,,,,
butterfly,2026-08-21 00:00:00,6370.0,6375.0,6380.0,1109.801657717786,1104.9714290014344,1100.0662002850834,-0.03749999999990905,0.15000000000009095,False,,,,,,,,,
butterfly,2026-08-21 00:00:00,6375.0,6380.0,6390.0,1104.9714290014344,1100.0662002850834,1090.0807428523804,-0.05833333333362134,0.09999999999990905,False,,,,,,,,,
butterfly,2026-08-21 00:00:00,6420.0,6425.0,6440.0,1060.524370554272,1055.6691418379207,1040.7534556888666,-0.08750000000009095,0.09999999999990905,False,,,,,,,,,
butterfly,2026-08-21 00:00:00,6440.0,6450.0,6460.0,1040.7534556888666,1031.0929982561638,1021.082540823461,-0.17499999999995453,0.0,False,,,,,,,,,
butterfly,2026-08-21 00:00:00,6460.0,6470.0,6475.0,1021.082540823461,1011.4220833907583,1006.2668546744069,-0.2166666666665833,0.0,False,,,,,,,,,
butterfly,2026-08-21 00:00:00,6480.0,6490.0,6500.0,1001.3616259580555,991.7011685253527,981.6407110926499,-0.20000000000004547,0.04999999999984084,False,,,,,,,,,
butterfly,2026-08-21 00:00:00,6500.0,6510.0,6525.0,981.6407110926499,971.8302536599472,957.0645675108931,-0.01999999999998181,0.2799999999999727,False,,,,,,,,,
butterfly,2026-08-21 00:00:00,6530.0,6540.0,6550.0,952.1593387945417,942.4988813618389,932.488423929136,-0.1750000000000682,-1.1368683772161603e-13,False,,,,,,,,,
butterfly,2026-08-21 00:00:00,6550.0,6560.0,6570.0,932.488423929136,922.8779664964334,912.8175090637307,-0.22500000000002274,-0.049999999999954525,True,,,,,,,,,
butterfly,2026-08-21 00:00:00,6570.0,6575.0,6580.0,912.8175090637307,908.1122803473793,903.2070516310279,-0.10000000000002274,0.05000000000006821,False,,,,,,,,,
butterfly,2026-08-21 00:00:00,6575.0,6580.0,6590.0,908.1122803473793,903.2070516310279,893.146594198325,-0.08333333333337123,0.09999999999990905,False,,,,,,,,,
butterfly,2026-08-21 00:00:00,6600.0,6610.0,6620.0,883.3361367656223,873.7756793329195,863.6652219002168,-0.2749999999998636,-0.049999999999954525,True,,,,,,,,,
butterfly,2026-08-21 00:00:00,6620.0,6625.0,6630.0,863.6652219002168,859.1099931838654,854.1547644675139,-0.20000000000004547,0.0,False,,,,,,,,,
butterfly,2026-08-21 00:00:00,6625.0,6630.0,6640.0,859.1099931838654,854.1547644675139,844.0943070348112,-0.04999999999984084,0.16666666666674246,False,,,,,,,,,
butterfly,2026-08-21 00:00:00,6650.0,6660.0,6670.0,834.2338496021084,824.4733921694057,814.6629347367029,-0.024999999999977263,0.25,False,,,,,,,,,
butterfly,2026-08-21 00:00:00,6670.0,6675.0,6680.0,814.6629347367029,810.0577060203515,805.2024773040001,-0.12499999999988631,0.10000000000013642,False,,,,,,,,,
butterfly,2026-08-21 00:00:00,6675.0,6680.0,6690.0,810.0577060203515,805.2024773040001,795.3920198712974,-0.033333333333416704,0.16666666666674246,False,,,,,,,,,
butterfly,2026-08-21 00:00:00,6680.0,6690.0,6695.0,805.2024773040001,795.3920198712974,790.136791154946,-0.2333333333333485,-0.03333333333318933,True,,,,,,,,,
butterfly,2026-08-21 00:00:00,6695.0,6700.0,6705.0,790.136791154946,785.5815624385946,780.4263337222433,-0.2999999999999545,-0.10000000000002274,True,,,,,,,,,
butterfly,2026-08-21 00:00:00,6710.0,6715.0,6725.0,775.5211050058919,770.6658762895404,760.8054188568376,-0.049999999999954525,0.2333333333333485,False,,,,,,,,,
butterfly,2026-08-21 00:00:00,6725.0,6730.0,6735.0,760.8054188568376,755.9501901404863,751.044961424135,-0.024999999999977263,0.2999999999999545,False,,,,,,,,,
butterfly,2026-08-21 00:00:00,6735.0,6745.0,6750.0,751.044961424135,741.3345039914321,736.4292752750808,-0.03333333333318933,0.2999999999999545,False,,,,,,,,,
butterfly,2026-08-21 00:00:00,6755.0,6760.0,6765.0,731.5240465587294,726.7188178423779,721.7635891260265,-0.07499999999993179,0.2999999999999545,False,,,,,,,,,
butterfly,2026-08-21 00:00:00,6770.0,6775.0,6780.0,716.9083604096752,712.4531316933238,707.1479029769724,-0.4250000000000682,-0.20000000000004547,True,,,,,,,,,
butterfly,2026-08-21 00:00:00,6780.0,6785.0,6790.0,707.1479029769724,702.342674260621,697.4874455442697,-0.024999999999977263,0.34999999999990905,False,,,,,,,,,
butterfly,2026-08-21 00:00:00,6790.0,6795.0,6800.0,697.4874455442697,692.6322168279183,687.7269881115669,-0.024999999999977263,0.35000000000002274,False,,,,,,,,,
butterfly,2026-08-21 00:00:00,6805.0,6810.0,6815.0,682.8717593952155,678.4165306788641,673.1613019625128,-0.39999999999997726,-0.10000000000002274,True,,,,,,,,,
butterfly,2026-08-21 00:00:00,6815.0,6820.0,6825.0,673.1613019625128,668.6560732461613,663.40084452981,-0.3749999999998863,-0.10000000000002274,True,,,,,,,,,
butterfly,2026-08-21 00:00:00,6825.0,6830.0,6835.0,663.40084452981,658.8956158134587,653.7403870971073,-0.3250000000000455,1.1368683772161603e-13,False,,,,,,,,,
butterfly,2026-08-21 00:00:00,6835.0,6840.0,6845.0,653.7403870971073,649.3851583807559,644.0799296644044,-0.4750000000001364,-0.15000000000009095,True,,,,,,,,,
butterfly,2026-08-21 00:00:00,6845.0,6850.0,6855.0,644.0799296644044,639.674700948053,634.8694722317017,-0.1999999999999318,0.10000000000002274,False,,,,,,,,,
butterfly,2026-08-21 00:00:00,6855.0,6860.0,6865.0,634.8694722317017,630.0642435153503,624.709014798999,-0.27499999999997726,0.0,False,,,,,,,,,
butterfly,2026-08-21 00:00:00,6870.0,6875.0,6880.0,619.8537860826475,615.4985573662962,610.6433286499448,-0.25,0.05000000000006821,False,,,,,,,,,
butterfly,2026-08-21 00:00:00,6875.0,6880.0,6885.0,615.4985573662962,610.6433286499448,605.3880999335935,-0.20000000000004547,0.10000000000002274,False,,,,,,,,,
butterfly,2026-08-21 00:00:00,6890.0,6895.0,6900.0,600.5328712172419,596.2776425008906,591.4724137845392,-0.27500000000009095,0.0,False,,,,,,,,,
butterfly,2026-08-21 00:00:00,6895.0,6900.0,6905.0,596.2776425008906,591.4724137845392,586.1171850681878,-0.27499999999997726,1.1368683772161603e-13,False,,,,,,,,,
butterfly,2026-08-21 00:00:00,6910.0,6915.0,6920.0,581.3619563518365,576.6067276354851,571.8014989191337,-0.024999999999977263,0.3999999999998636,False,,,,,,,,,
butterfly,2026-08-21 00:00:00,6920.0,6925.0,6930.0,571.8014989191337,567.4962702027824,562.1410414864309,-0.525000000000091,-0.20000000000004547,True,,,,,,,,,
butterfly,2026-08-21 00:00:00,6940.0,6950.0,6955.0,552.5305840537281,543.0201266210254,538.214897904674,-0.03333333333330302,0.33333333333337123,False,,,,,,,,,
butterfly,2026-08-21 00:00:00,6955.0,6960.0,6970.0,538.214897904674,533.9596691883227,524.6992117556199,-0.2500000000001137,0.03333333333330302,False,,,,,,,,,
butterfly,2026-08-21 00:00:00,6960.0,6970.0,6975.0,533.9596691883227,524.6992117556199,519.0939830392684,-0.6499999999999773,-0.39999999999997726,True,,,,,,,,,
butterfly,2026-08-21 00:00:00,6980.0,6985.0,6990.0,514.5387543229172,510.3835256065657,505.6282968902143,-0.2999999999999545,5.684341886080802e-14,False,,,,,,,,,
butterfly,2026-08-21 00:00:00,6985.0,6990.0,6995.0,510.3835256065657,505.6282968902143,500.0730681738629,-0.39999999999997726,-0.10000000000002274,True,,,,,,,,,
butterfly,2026-08-21 00:00:00,7005.0,7010.0,7015.0,490.8126107411602,486.80738202480876,481.50215330845737,-0.6499999999999773,-0.30000000000001137,True,,,,,,,,,
butterfly,2026-08-21 00:00:00,7025.0,7030.0,7035.0,471.99169587575466,467.33646715940324,462.48123844305184,-0.10000000000002274,0.3000000000000682,False,,,,,,,,,
butterfly,2026-08-21 00:00:00,7055.0,7060.0,7065.0,443.9103235776463,440.00509486129494,434.24986614494355,-0.9250000000000114,-0.5999999999999659,True,,,,,,,,,
butterfly,2026-08-21 00:00:00,7070.0,7075.0,7080.0,429.74463742859217,425.7394087122408,421.4341799958894,-0.14999999999997726,0.14999999999997726,False,,,,,,,,,
butterfly,2026-08-21 00:00:00,7075.0,7080.0,7085.0,425.7394087122408,421.4341799958894,416.07895127953805,-0.5249999999999773,-0.20000000000004547,True,,,,,,,,,
butterfly,2026-08-21 00:00:00,7090.0,7095.0,7100.0,411.22372256318664,407.66849384683525,403.06326513048384,-0.5250000000000341,-0.1999999999999318,True,,,,,,,,,
butterfly,2026-08-21 00:00:00,7100.0,7105.0,7110.0,403.06326513048384,398.55803641413246,394.0028076977811,-0.024999999999977263,0.25,False,,,,,,,,,
butterfly,2026-08-21 00:00:00,7105.0,7110.0,7115.0,398.55803641413246,394.0028076977811,388.44757898142973,-0.5,-0.14999999999997726,True,,,,,,,,,
butterfly,2026-08-21 00:00:00,7115.0,7120.0,7125.0,388.44757898142973,384.7923502650783,380.28712154872693,-0.4249999999999545,-0.10000000000002274,True,,,,,,,,,
butterfly,2026-08-21 00:00:00,7120.0,7125.0,7130.0,384.7923502650783,380.28712154872693,374.4818928323756,-0.6499999999999773,-0.35000000000002274,True,,,,,,,,,
butterfly,2026-08-21 00:00:00,7130.0,7135.0,7140.0,374.4818928323756,370.1266641160242,365.47143539967277,-0.1500000000000341,0.3499999999999659,False,,,,,,,,,
butterfly,2026-08-21 00:00:00,7140.0,7145.0,7150.0,365.47143539967277,362.0162066833214,357.51097796697,-0.5250000000000341,-0.19999999999998863,True,,,,,,,,,
butterfly,2026-08-21 00:00:00,7145.0,7150.0,7155.0,362.0162066833214,357.51097796697,351.85574925061866,-0.5749999999999886,-0.25000000000005684,True,,,,,,,,,
butterfly,2026-08-21 00:00:00,7160.0,7170.0,7175.0,347.45052053426724,339.5900631015645,333.6848343852131,-1.3166666666666629,-0.8666666666666174,True,,,,,,,,,
butterfly,2026-08-21 00:00:00,7180.0,7190.0,7195.0,329.42960566886177,321.76914823615897,315.9639195198076,-1.3166666666666629,-0.8666666666666174,True,,,,,,,,,
butterfly,2026-08-21 00:00:00,7195.0,7200.0,7205.0,315.9639195198076,312.9086908034562,307.50346208710477,-1.1750000000000114,-0.7500000000000568,True,,,,,,,,,
butterfly,2026-08-21 00:00:00,7220.0,7225.0,7230.0,293.88777593805065,289.8825472216992,285.3773185053479,-0.24999999999994316,0.30000000000001137,False,,,,,,,,,
butterfly,2026-08-21 00:00:00,7230.0,7235.0,7240.0,285.3773185053479,282.3720897889965,277.11686107264507,-1.125,-0.6500000000000341,True,,,,,,,,,
butterfly,2026-08-21 00:00:00,7250.0,7255.0,7260.0,268.30640363994235,265.40117492359093,261.1459462072396,-0.6749999999999545,-0.2999999999999545,True,,,,,,,,,
butterfly,2026-08-21 00:00:00,7255.0,7260.0,7265.0,265.40117492359093,261.1459462072396,255.19071749088818,-0.8500000000000227,-0.44999999999998863,True,,,,,,,,,
butterfly,2026-08-21 00:00:00,7270.0,7275.0,7280.0,250.9854887745368,248.3802600581854,244.32503134183403,-0.7249999999999659,-0.3499999999999943,True,,,,,,,,,
butterfly,2026-08-21 00:00:00,7275.0,7280.0,7285.0,248.3802600581854,244.32503134183403,238.66980262548265,-0.8000000000000114,-0.4000000000000057,True,,,,,,,,,
butterfly,2026-08-21 00:00:00,7290.0,7295.0,7300.0,234.5145739091313,232.20934519277986,228.1041164764285,-0.8999999999999773,-0.45000000000001705,True,,,,,,,,,
butterfly,2026-08-21 00:00:00,7295.0,7300.0,7310.0,232.20934519277986,228.1041164764285,219.64365904372573,-0.08333333333331439,0.2666666666666515,False,,,,,,,,,
butterfly,2026-08-21 00:00:00,7300.0,7310.0,7315.0,228.1041164764285,219.64365904372573,214.33843032737434,-0.7166666666666686,-0.23333333333332007,True,,,,,,,,,
butterfly,2026-08-21 00:00:00,7315.0,7320.0,7325.0,214.33843032737434,209.93320161102295,205.47797289467158,-0.025000000000005684,0.6000000000000227,False,,,,,,,,,
butterfly,2026-08-21 00:00:00,7325.0,7330.0,7335.0,205.47797289467158,203.3727441783202,197.8175154619688,-1.7250000000000227,-1.2499999999999432,True,,,,,,,,,
butterfly,2026-08-21 00:00:00,7335.0,7340.0,7345.0,197.8175154619688,193.91228674561742,189.95705802926605,-0.025000000000005684,0.6000000000000227,False,,,,,,,,,
butterfly,2026-08-21 00:00:00,7345.0,7350.0,7355.0,189.95705802926605,187.60182931291465,183.49660059656327,-0.8749999999999716,-0.39999999999997726,True,,,,,,,,,
butterfly,2026-08-21 00:00:00,7350.0,7355.0,7360.0,187.60182931291465,183.49660059656327,178.2413718802119,-0.5749999999999886,-0.05000000000001137,True,,,,,,,,,
butterfly,2026-08-21 00:00:00,7360.0,7365.0,7370.0,178.2413718802119,175.9861431638605,170.53091444750913,-1.5999999999999943,-1.0999999999999943,True,,,,,,,,,
butterfly,2026-08-21 00:00:00,7370.0,7375.0,7380.0,170.53091444750913,168.32568573115773,162.92045701480635,-1.5999999999999943,-1.049999999999983,True,,,,,,,,,
butterfly,2026-08-21 00:00:00,7380.0,7385.0,7390.0,162.92045701480635,160.51522829845496,155.9599995821036,-1.0749999999999886,-0.5000000000000284,True,,,,,,,,,
butterfly,2026-08-21 00:00:00,7395.0,7400.0,7405.0,152.2547708657522,149.8495421494008,144.49431343304946,-1.474999999999966,-0.9499999999999886,True,,,,,,,,,
butterfly,2026-08-21 00:00:00,7405.0,7410.0,7415.0,144.49431343304946,142.33908471669804,139.38385600034667,-0.39999999999997726,0.05000000000001137,False,,,,,,,,,
butterfly,2026-08-21 00:00:00,7410.0,7415.0,7420.0,142.33908471669804,139.38385600034667,135.32862728399527,-0.5500000000000114,-0.1500000000000341,True,,,,,,,,,
butterfly,2026-08-21 00:00:00,7415.0,7420.0,7425.0,139.38385600034667,135.32862728399527,130.0733985676439,-0.5999999999999943,-0.15000000000000568,True,,,,,,,,,
butterfly,2026-08-21 00:00:00,7425.0,7430.0,7435.0,130.0733985676439,126.86816985129252,123.21294113494112,-0.22500000000002274,0.45000000000000284,False,,,,,,,,,
butterfly,2026-08-21 00:00:00,7435.0,7440.0,7445.0,123.21294113494112,121.45771241858974,116.40248370223834,-1.6500000000000057,-1.0499999999999972,True,,,,,,,,,
butterfly,2026-08-21 00:00:00,7455.0,7460.0,7465.0,109.84202626953558,108.9867975531842,105.33156883683282,-1.4000000000000057,-0.9000000000000057,True,,,,,,,,,
butterfly,2026-08-21 00:00:00,7460.0,7465.0,7470.0,108.9867975531842,105.33156883683282,100.07634012048143,-0.7999999999999972,-0.20000000000001705,True,,,,,,,,,
butterfly,2026-08-21 00:00:00,7470.0,7475.0,7480.0,100.07634012048143,97.52111140413005,93.86588268777867,-0.5499999999999972,0.15000000000000568,False,,,,,,,,,
butterfly,2026-08-21 00:00:00,7480.0,7485.0,7490.0,93.86588268777867,91.56065397142729,88.25,-0.5027126275379601,0.2722873724620456,False,,,,,,,,,
butterfly,2026-08-21 00:00:00,7490.0,7500.0,7505.0,88.25,84.3,81.45,-0.5833333333333286,-0.06666666666664867,True,,,,,,,,,
butterfly,2026-08-21 00:00:00,7500.0,7505.0,7510.0,84.3,81.45,78.4,-0.10000000000000853,0.3499999999999943,False,,,,,,,,,
butterfly,2026-08-21 00:00:00,7505.0,7510.0,7515.0,81.45,78.4,73.85,-0.75,-0.25,True,,,,,,,,,
butterfly,2026-08-21 00:00:00,7515.0,7520.0,7525.0,73.85,72.8,70.25,-0.75,-0.29999999999998295,True,,,,,,,,,
butterfly,2026-08-21 00:00:00,7520.0,7525.0,7530.0,72.8,70.25,67.6,-0.05000000000001137,0.30000000000001137,False,,,,,,,,,
butterfly,2026-08-21 00:00:00,7525.0,7530.0,7535.0,70.25,67.6,63.2,-0.875,-0.45000000000000284,True,,,,,,,,,
butterfly,2026-08-21 00:00:00,7540.0,7545.0,7550.0,60.7,59.8,57.599999999999994,-0.6499999999999986,-0.20000000000000284,True,,,,,,,,,
butterfly,2026-08-21 00:00:00,7545.0,7550.0,7555.0,59.8,57.599999999999994,53.400000000000006,-0.9999999999999929,-0.5499999999999972,True,,,,,,,,,
butterfly,2026-08-21 00:00:00,7560.0,7565.0,7570.0,51.15,50.45,48.35,-0.7000000000000028,-0.3499999999999943,True,,,,,,,,,
butterfly,2026-08-21 00:00:00,7565.0,7570.0,7575.0,50.45,48.35,44.599999999999994,-0.8250000000000028,-0.45000000000000284,True,,,,,,,,,
butterfly,2026-08-21 00:00:00,7580.0,7585.0,7590.0,42.55,42.05,40.25,-0.6499999999999986,-0.30000000000000426,True,,,,,,,,,
butterfly,2026-08-21 00:00:00,7585.0,7590.0,7600.0,42.05,40.25,34.95,-0.5666666666666629,-0.23333333333333428,True,,,,,,,,,
butterfly,2026-08-21 00:00:00,7610.0,7615.0,7620.0,31.5,31.25,28.35,-1.3249999999999993,-0.9500000000000028,True,,,,,,,,,
butterfly,2026-08-21 00:00:00,7625.0,7630.0,7635.0,26.85,26.75,25.200000000000003,-0.7249999999999979,-0.3999999999999986,True,,,,,,,,,
butterfly,2026-08-21 00:00:00,7635.0,7640.0,7645.0,25.200000000000003,23.85,21.35,-0.5749999999999993,-0.24999999999999645,True,,,,,,,,,
butterfly,2026-08-21 00:00:00,7650.0,7660.0,7665.0,20.15,19.1,16.75,-1.2166666666666686,-0.6666666666666643,True,,,,,,,,,
butterfly,2026-08-21 00:00:00,7670.0,7675.0,7680.0,16.0,15.85,15.15,-0.27500000000000036,0.10000000000000142,False,,,,,,,,,
butterfly,2026-08-21 00:00:00,7675.0,7680.0,7685.0,15.85,15.15,13.3,-0.5750000000000011,-0.1999999999999993,True,,,,,,,,,
butterfly,2026-08-21 00:00:00,7690.0,7695.0,7700.0,12.45,12.25,10.95,-0.5500000000000007,-0.20000000000000107,True,,,,,,,,,
butterfly,2026-08-21 00:00:00,7725.0,7730.0,7735.0,7.7,7.9,6.7,-0.7000000000000002,-0.39999999999999947,True,,,,,,,,,
butterfly,2026-08-21 00:00:00,7740.0,7745.0,7750.0,6.3,6.5,5.5,-0.5999999999999996,-0.3000000000000007,True,,,,,,,,,
butterfly,2026-08-21 00:00:00,7750.0,7755.0,7760.0,5.5,5.550000000000001,4.75,-0.4250000000000007,-0.09999999999999964,True,,,,,,,,,
butterfly,2026-08-21 00:00:00,7760.0,7765.0,7770.0,4.75,4.85,4.199999999999999,-0.375,-0.10000000000000053,True,,,,,,,,,
butterfly,2026-08-21 00:00:00,7770.0,7775.0,7780.0,4.199999999999999,4.300000000000001,4.05,-0.1750000000000007,-8.881784197001252e-16,False,,,,,,,,,
butterfly,2026-08-21 00:00:00,7775.0,7780.0,7785.0,4.300000000000001,4.05,3.7,-0.04999999999999982,0.09999999999999964,False,,,,,,,,,
butterfly,2026-08-21 00:00:00,7785.0,7790.0,7795.0,3.7,3.6,3.3,-0.10000000000000009,0.09999999999999964,False,,,,,,,,,
butterfly,2026-08-21 00:00:00,7795.0,7800.0,7805.0,3.3,3.1,2.65,-0.12500000000000044,0.07500000000000018,False,,,,,,,,,
butterfly,2026-08-21 00:00:00,7810.0,7820.0,7825.0,2.4749999999999996,2.4749999999999996,2.1,-0.24999999999999956,-0.08333333333333304,True,,,,,,,,,
butterfly,2026-08-21 00:00:00,7825.0,7830.0,7835.0,2.1,1.975,1.825,-0.012500000000000178,0.19999999999999973,False,,,,,,,,,
butterfly,2026-08-21 00:00:00,7835.0,7840.0,7850.0,1.825,1.95,1.6,-0.19999999999999996,-0.06666666666666643,True,,,,,,,,,
butterfly,2026-08-21 00:00:00,7855.0,7860.0,7870.0,1.475,1.6,1.325,-0.17500000000000004,-0.050000000000000044,True,,,,,,,,,
butterfly,2026-08-21 00:00:00,7880.0,7890.0,7900.0,1.15,1.15,1.0750000000000002,-0.03749999999999987,0.07499999999999996,False,,,,,,,,,
butterfly,2026-08-21 00:00:00,7920.0,7925.0,7930.0,0.95,0.925,0.8500000000000001,-0.025000000000000022,0.09999999999999998,False,,,,,,,,,
butterfly,2026-08-21 00:00:00,7940.0,7950.0,7960.0,0.75,0.75,0.675,-0.03749999999999998,0.10000000000000009,False,,,,,,,,,
butterfly,2026-08-21 00:00:00,7960.0,7970.0,7975.0,0.675,0.7,0.625,-0.05833333333333324,0.06666666666666665,False,,,,,,,,,
butterfly,2026-08-21 00:00:00,7975.0,7980.0,7990.0,0.625,0.6499999999999999,0.55,-0.04999999999999993,0.08333333333333337,False,,,,,,,,,
butterfly,2026-08-21 00:00:00,7990.0,8000.0,8010.0,0.55,0.575,0.55,-0.02499999999999991,0.15000000000000002,False,,,,,,,,,
butterfly,2026-08-21 00:00:00,8010.0,8020.0,8025.0,0.55,0.55,0.5,-0.033333333333333326,0.1166666666666667,False,,,,,,,,,
butterfly,2026-08-21 00:00:00,8030.0,8040.0,8050.0,0.5,0.5,0.425,-0.03749999999999998,0.15000000000000002,False,,,,,,,,,
butterfly,2026-08-21 00:00:00,8050.0,8060.0,8080.0,0.425,0.45,0.45,-0.016666666666666663,0.15000000000000002,False,,,,,,,,,
butterfly,2026-08-21 00:00:00,8060.0,8080.0,8100.0,0.45,0.45,0.375,-0.03750000000000003,0.09999999999999998,False,,,,,,,,,
butterfly,2026-08-21 00:00:00,8100.0,8110.0,8120.0,0.375,0.4,0.4,-0.012500000000000011,0.125,False,,,,,,,,,
butterfly,2026-08-21 00:00:00,8110.0,8120.0,8125.0,0.4,0.4,0.35,-0.033333333333333326,0.15000000000000008,False,,,,,,,,,
butterfly,2026-08-21 00:00:00,8140.0,8150.0,8160.0,0.325,0.35,0.35,-0.012499999999999956,0.17500000000000004,False,,,,,,,,,
butterfly,2026-08-21 00:00:00,8150.0,8160.0,8175.0,0.35,0.35,0.325,-0.010000000000000009,0.18000000000000005,False,,,,,,,,,
butterfly,2026-08-21 00:00:00,8175.0,8200.0,8210.0,0.325,0.35,0.30000000000000004,-0.042857142857142816,0.10000000000000003,False,,,,,,,,,
butterfly,2026-08-21 00:00:00,8210.0,8225.0,8230.0,0.30000000000000004,0.325,0.25,-0.0625,0.07499999999999996,False,,,,,,,,,
butterfly,2026-08-21 00:00:00,8230.0,8250.0,8275.0,0.25,0.3,0.25,-0.04999999999999999,0.04999999999999999,False,,,,,,,,,
butterfly,2026-08-21 00:00:00,8300.0,8325.0,8350.0,0.22499999999999998,0.25,0.22499999999999998,-0.025000000000000022,0.15,False,,,,,,,,,
butterfly,2026-08-21 00:00:00,8350.0,8400.0,8425.0,0.22499999999999998,0.22499999999999998,0.175,-0.033333333333333326,0.11666666666666667,False,,,,,,,,,
butterfly,2026-08-21 00:00:00,8425.0,8450.0,8475.0,0.175,0.2,0.2,-0.012500000000000011,0.17500000000000002,False,,,,,,,,,
butterfly,2026-08-21 00:00:00,8450.0,8475.0,8500.0,0.2,0.2,0.175,-0.012500000000000011,0.17500000000000002,False,,,,,,,,,
butterfly,2026-08-21 00:00:00,8525.0,8550.0,8575.0,0.175,0.175,0.15,-0.012500000000000011,0.15,False,,,,,,,,,
butterfly,2026-08-21 00:00:00,8650.0,8700.0,8800.0,0.15000000000000002,0.15000000000000002,0.125,-0.00833333333333336,0.1,False,,,,,,,,,
butterfly,2026-08-21 00:00:00,8800.0,8900.0,9000.0,0.125,0.125,0.07500000000000001,-0.024999999999999994,0.10000000000000002,False,,,,,,,,,
butterfly,2026-08-24 00:00:00,6650.0,6675.0,6700.0,836.1574999999586,811.8474999999598,787.3874999999609,-0.07500000000004547,0.20000000000004547,False,,,,,,,,,
butterfly,2026-08-24 00:00:00,6975.0,7000.0,7025.0,522.5274999999733,499.26749999997435,475.8574999999755,-0.07499999999993179,0.25,False,,,,,,,,,
butterfly,2026-08-24 00:00:00,7000.0,7025.0,7050.0,499.26749999997435,475.8574999999755,452.2474999999766,-0.10000000000002274,0.25,False,,,,,,,,,
butterfly,2026-08-24 00:00:00,7350.0,7375.0,7380.0,192.37749999999005,173.36749999999117,169.5154999999914,-0.04166666666665719,0.45000000000001705,False,,,,,,,,,
butterfly,2026-08-24 00:00:00,7400.0,7420.0,7425.0,155.20749999999228,140.94949999999318,137.3474999999934,-0.030000000000001137,0.4199999999999875,False,,,,,,,,,
butterfly,2026-08-24 00:00:00,7425.0,7450.0,7470.0,137.3474999999934,120.43749999999451,106.87949999999542,-0.01666666666666572,0.4333333333333371,False,,,,,,,,,
butterfly,2026-08-24 00:00:00,7475.0,7480.0,7500.0,103.82749999999565,100.97549999999586,88.85,-0.14349999999933516,0.35650000000066484,False,,,,,,,,,
butterfly,2026-08-24 00:00:00,7525.0,7540.0,7550.0,74.3,66.7,61.25,-0.23000000000000398,0.23999999999999488,False,,,,,,,,,
butterfly,2026-08-26 00:00:00,7400.0,7425.0,7500.0,167.42371654048458,149.59129626802843,95.3,-0.198508862664994,0.32649113733501167,False,,,,,,,,,
butterfly,2026-08-26 00:00:00,7500.0,7525.0,7530.0,95.3,80.9,77.7,-0.26666666666667993,0.3333333333333428,False,,,,,,,,,
butterfly,2026-08-28 00:00:00,5700.0,5800.0,5900.0,1789.6288744396404,1690.2410879218367,1590.8033014040327,-0.02500000000009095,0.125,False,,,,,,,,,
butterfly,2026-08-28 00:00:00,6050.0,6100.0,6150.0,1441.9216216273269,1392.352728368425,1342.683835109523,-0.049999999999954525,0.15000000000009095,False,,,,,,,,,
butterfly,2026-08-28 00:00:00,6600.0,6625.0,6650.0,898.4137957794056,873.9293491499546,849.3449025205038,-0.049999999999954525,0.20000000000004547,False,,,,,,,,,
butterfly,2026-08-28 00:00:00,6675.0,6700.0,6725.0,824.8604558910527,800.6260092616018,776.2915626321508,-0.05000000000006821,0.14999999999986358,False,,,,,,,,,
butterfly,2026-08-28 00:00:00,6775.0,6800.0,6825.0,727.7726693732487,703.6382227437979,679.4037761143469,-0.05000000000006821,0.25,False,,,,,,,,,
butterfly,2026-08-28 00:00:00,6825.0,6850.0,6875.0,679.4037761143469,655.619329484896,631.484882855445,-0.1750000000000682,0.05000000000006821,False,,,,,,,,,
butterfly,2026-08-28 00:00:00,6900.0,6925.0,6950.0,607.6004362259939,584.0659895965431,560.431542967092,-0.05000000000006821,0.1999999999999318,False,,,,,,,,,
butterfly,2026-08-28 00:00:00,6975.0,6990.0,7000.0,536.9970963376411,522.9864283599705,513.5626497081901,-0.05000000000006821,0.3000000000000682,False,,,,,,,,,
butterfly,2026-08-28 00:00:00,7050.0,7070.0,7075.0,467.2937564492882,449.1461991457274,444.3593098198372,-0.19999999999998863,0.10000000000002274,False,,,,,,,,,
butterfly,2026-08-28 00:00:00,7150.0,7170.0,7175.0,377.0059699314843,359.3584126279235,354.92152330203334,-0.01999999999998181,0.44000000000005457,False,,,,,,,,,
butterfly,2026-08-28 00:00:00,7180.0,7190.0,7200.0,350.58463397614315,342.01085532436275,333.23707667258236,-0.10000000000002274,0.25,False,,,,,,,,,
butterfly,2026-08-28 00:00:00,7225.0,7230.0,7240.0,311.80263004313144,307.6157407172412,299.1419620654608,-0.03333333333330302,0.36666666666667425,False,,,,,,,,,
butterfly,2026-08-28 00:00:00,7230.0,7240.0,7250.0,307.6157407172412,299.1419620654608,290.51818341368045,-0.07499999999998863,0.30000000000001137,False,,,,,,,,,
butterfly,2026-08-28 00:00:00,7350.0,7375.0,7380.0,209.88039689587657,190.9459502664256,187.0090609405354,-0.125,0.21666666666666856,False,,,,,,,,,
butterfly,2026-08-28 00:00:00,7380.0,7390.0,7400.0,187.0090609405354,179.785282288755,172.36150363697462,-0.10000000000002274,0.3499999999999943,False,,,,,,,,,
butterfly,2026-08-28 00:00:00,7425.0,7430.0,7440.0,154.72705700752365,151.64016768163344,144.26638902985306,-0.39999999999997726,2.842170943040401e-14,False,,,,,,,,,
butterfly,2026-08-28 00:00:00,7450.0,7460.0,7475.0,137.34261037807266,130.9188317262923,121.00816374862171,-0.11000000000001364,0.34000000000003183,False,,,,,,,,,
butterfly,2026-08-28 00:00:00,7475.0,7480.0,7490.0,121.00816374862171,118.37127442273152,111.84749577095113,-0.4166666666666714,0.06666666666667709,False,,,,,,,,,
butterfly,2026-08-28 00:00:00,7490.0,7500.0,7510.0,111.84749577095113,106.05,100.05,-0.10125211452442784,0.39874788547557216,False,,,,,,,,,
butterfly,2026-08-28 00:00:00,7520.0,7525.0,7540.0,94.3,91.8,83.5,-0.20000000000000284,0.2749999999999915,False,,,,,,,,,
butterfly,2026-08-28 00:00:00,7575.0,7580.0,7590.0,66.15,63.95,58.900000000000006,-0.21666666666666856,0.23333333333333428,False,,,,,,,,,
butterfly,2026-08-28 00:00:00,7600.0,7610.0,7620.0,54.75,51.099999999999994,47.099999999999994,-0.17499999999999716,0.19999999999999574,False,,,,,,,,,
butterfly,2026-08-28 00:00:00,7620.0,7625.0,7630.0,47.099999999999994,45.35,43.55,-0.025000000000005684,0.3499999999999943,False,,,,,,,,,
butterfly,2026-08-28 00:00:00,7700.0,7710.0,7720.0,23.450000000000003,21.4,19.3,-0.02499999999999858,0.3500000000000014,False,,,,,,,,,
butterfly,2026-08-28 00:00:00,7720.0,7725.0,7730.0,19.3,18.450000000000003,17.549999999999997,-0.025000000000005684,0.3000000000000007,False,,,,,,,,,
butterfly,2026-08-28 00:00:00,7760.0,7775.0,7780.0,13.15,11.3,10.65,-0.025000000000000355,0.22500000000000142,False,,,,,,,,,
butterfly,2026-08-28 00:00:00,8150.0,8200.0,8250.0,0.675,0.6000000000000001,0.5,-0.012500000000000067,0.09999999999999998,False,,,,,,,,,
butterfly,2026-08-31 00:00:00,5300.0,5325.0,5350.0,2187.375333785272,2162.523611548142,2137.621889311013,-0.024999999999636202,0.1000000000003638,False,,,,,,,,,
butterfly,2026-08-31 00:00:00,5350.0,5400.0,5425.0,2137.621889311013,2087.9184448367546,2063.041722599625,-0.016666666666878882,0.13333333333321207,False,,,,,,,,,
butterfly,2026-08-31 00:00:00,5425.0,5475.0,5500.0,2063.041722599625,2013.3132781253664,1988.4365558882373,-0.008333333333212067,0.10000000000013642,False,,,,,,,,,
butterfly,2026-08-31 00:00:00,5525.0,5550.0,5575.0,1963.559833651108,1938.7081114139787,1913.8313891768494,-0.012500000000045475,0.125,False,,,,,,,,,
butterfly,2026-08-31 00:00:00,5575.0,5600.0,5625.0,1913.8313891768494,1889.00466693972,1864.1529447025907,-0.012500000000045475,0.125,False,,,,,,,,,
butterfly,2026-08-31 00:00:00,5700.0,5725.0,5750.0,1789.5977779912027,1764.7710557540736,1739.9193335169443,-0.012500000000045475,0.125,False,,,,,,,,,
butterfly,2026-08-31 00:00:00,5900.0,5910.0,5925.0,1590.9590000941685,1583.4883111993167,1566.132277857039,-2.4600000000000364,-2.2599999999997635,True,,,,,,,,,
butterfly,2026-08-31 00:00:00,5925.0,5950.0,5975.0,1566.132277857039,1541.3555556199099,1516.5288333827805,-0.02500000000009095,0.15000000000009095,False,,,,,,,,,
butterfly,2026-08-31 00:00:00,6020.0,6050.0,6070.0,1471.8607333559478,1442.1486666713927,1422.3072888816891,-0.01999999999998181,0.1799999999998363,False,,,,,,,,,
butterfly,2026-08-31 00:00:00,6070.0,6080.0,6100.0,1422.3072888816891,1412.4365999868376,1392.545222197134,-0.049999999999954525,0.13333333333343944,False,,,,,,,,,
butterfly,2026-08-31 00:00:00,6125.0,6150.0,6175.0,1367.7684999600049,1343.0417777228754,1318.2650554857462,-0.024999999999863576,0.20000000000004547,False,,,,,,,,,
butterfly,2026-08-31 00:00:00,6175.0,6190.0,6200.0,1318.2650554857462,1303.4090221434685,1293.488333248617,-0.009999999999763531,0.16000000000008185,False,,,,,,,,,
butterfly,2026-08-31 00:00:00,6200.0,6230.0,6250.0,1293.488333248617,1263.8262665640618,1244.0348887743583,-0.009999999999990905,0.24000000000023647,False,,,,,,,,,
butterfly,2026-08-31 00:00:00,6250.0,6260.0,6270.0,1244.0348887743583,1234.1641998795067,1224.243510984655,-0.02500000000009095,0.20000000000004547,False,,,,,,,,,
butterfly,2026-08-31 00:00:00,6270.0,6275.0,6280.0,1224.243510984655,1219.308166537229,1214.3228220898031,-0.024999999999863576,0.1999999999998181,False,,,,,,,,,
butterfly,2026-08-31 00:00:00,6280.0,6290.0,6300.0,1214.3228220898031,1204.5521331949515,1194.6314443000997,-0.07500000000004547,0.09999999999990905,False,,,,,,,,,
butterfly,2026-08-31 00:00:00,6330.0,6340.0,6350.0,1164.9193776155446,1155.0986887206927,1145.2279998258412,-0.024999999999863576,0.15000000000009095,False,,,,,,,,,
butterfly,2026-08-31 00:00:00,6425.0,6430.0,6440.0,1071.1978331144533,1066.3624886670273,1056.4417997721757,-0.08333333333303017,0.16666666666651508,False,,,,,,,,,
butterfly,2026-08-31 00:00:00,6450.0,6475.0,6480.0,1046.521110877324,1022.0443886401946,1017.0090441927688,-0.11666666666656056,0.13333333333343944,False,,,,,,,,,
butterfly,2026-08-31 00:00:00,6480.0,6500.0,6525.0,1017.0090441927688,997.4676664030653,972.790944165936,-0.11111111111108585,0.11111111111108585,False,,,,,,,,,
butterfly,2026-08-31 00:00:00,6525.0,6550.0,6575.0,972.790944165936,948.3642219288067,923.8374996916774,-0.049999999999954525,0.2499999999998863,False,,,,,,,,,
butterfly,2026-08-31 00:00:00,6550.0,6575.0,6590.0,948.3642219288067,923.8374996916774,909.0814663493999,-0.024999999999977263,0.27499999999997726,False,,,,,,,,,
butterfly,2026-08-31 00:00:00,6600.0,6610.0,6625.0,899.2607774545481,889.6400885596964,874.9340552174189,-0.11000000000001364,0.14000000000010004,False,,,,,,,,,
butterfly,2026-08-31 00:00:00,6640.0,6650.0,6660.0,860.2280218751413,850.5573329802895,840.7866440854378,-0.049999999999954525,0.25,False,,,,,,,,,
butterfly,2026-08-31 00:00:00,6650.0,6660.0,6675.0,850.5573329802895,840.7866440854378,826.0806107431603,-0.020000000000095497,0.2599999999999909,False,,,,,,,,,
butterfly,2026-08-31 00:00:00,6660.0,6675.0,6680.0,840.7866440854378,826.0806107431603,821.1452662957344,-0.02500000000009095,0.22500000000002274,False,,,,,,,,,
butterfly,2026-08-31 00:00:00,6680.0,6690.0,6700.0,821.1452662957344,811.5245774008827,801.8538885060309,-0.02500000000009095,0.1999999999999318,False,,,,,,,,,
butterfly,2026-08-31 00:00:00,6690.0,6700.0,6710.0,811.5245774008827,801.8538885060309,791.9831996111792,-0.09999999999990905,0.09999999999990905,False,,,,,,,,,
butterfly,2026-08-31 00:00:00,6710.0,6725.0,6750.0,791.9831996111792,777.6271662689016,753.4004440317724,-0.11249999999995453,0.08749999999997726,False,,,,,,,,,
butterfly,2026-08-31 00:00:00,6725.0,6750.0,6760.0,777.6271662689016,753.4004440317724,743.6297551369206,-0.0571428571429351,0.14285714285711038,False,,,,,,,,,
butterfly,2026-08-31 00:00:00,6760.0,6770.0,6775.0,743.6297551369206,734.0590662420689,729.2237217946431,-0.03333333333330302,0.13333333333332575,False,,,,,,,,,
butterfly,2026-08-31 00:00:00,6775.0,6790.0,6800.0,729.2237217946431,714.8176884523655,705.1469995575137,-0.03999999999996362,0.13999999999998636,False,,,,,,,,,
butterfly,2026-08-31 00:00:00,6800.0,6810.0,6820.0,705.1469995575137,695.5763106626621,685.8056217678103,-0.10000000000013642,0.10000000000002274,False,,,,,,,,,
butterfly,2026-08-31 00:00:00,6820.0,6825.0,6830.0,685.8056217678103,681.2202773203844,676.4849328729586,-0.07500000000004547,0.14999999999997726,False,,,,,,,,,
butterfly,2026-08-31 00:00:00,6825.0,6830.0,6850.0,681.2202773203844,676.4849328729586,657.2435550832552,-0.05999999999994543,0.20000000000004547,False,,,,,,,,,
butterfly,2026-08-31 00:00:00,6865.0,6875.0,6880.0,642.8875217409776,633.4668328461258,628.5314883987,-0.14999999999986358,0.10000000000013642,False,,,,,,,,,
butterfly,2026-08-31 00:00:00,6930.0,6940.0,6945.0,581.3280439244414,572.0073550295897,567.0220105821638,-0.21666666666669698,0.10000000000002274,False,,,,,,,,,
butterfly,2026-08-31 00:00:00,6945.0,6950.0,6955.0,567.0220105821638,562.536666134738,557.6513216873121,-0.20000000000004547,0.10000000000002274,False,,,,,,,,,
butterfly,2026-08-31 00:00:00,6955.0,6960.0,6975.0,557.6513216873121,553.1659772398863,539.1099438976087,-0.14999999999997726,0.14999999999997726,False,,,,,,,,,
butterfly,2026-08-31 00:00:00,6975.0,6980.0,6990.0,539.1099438976087,534.5245994501829,525.0539105553312,-0.10000000000013642,0.20000000000004547,False,,,,,,,,,
butterfly,2026-08-31 00:00:00,6980.0,6990.0,6995.0,534.5245994501829,525.0539105553312,520.2685661079053,-0.03333333333330302,0.2666666666666515,False,,,,,,,,,
butterfly,2026-08-31 00:00:00,6995.0,7000.0,7010.0,520.2685661079053,515.8832216604794,506.6125327656277,-0.16666666666674246,0.13333333333332575,False,,,,,,,,,
butterfly,2026-08-31 00:00:00,7000.0,7010.0,7020.0,515.8832216604794,506.6125327656277,497.291843870776,-0.024999999999977263,0.30000000000001137,False,,,,,,,,,
butterfly,2026-08-31 00:00:00,7030.0,7035.0,7040.0,488.0211549759243,483.5358105284984,478.95046608107253,-0.05000000000001137,0.35000000000002274,False,,,,,,,,,
butterfly,2026-08-31 00:00:00,7035.0,7040.0,7050.0,483.5358105284984,478.95046608107253,469.7297771862208,-0.016666666666708352,0.36666666666667425,False,,,,,,,,,
butterfly,2026-08-31 00:00:00,7075.0,7090.0,7100.0,447.00305494909156,433.39702160681395,424.27633271196225,-0.029999999999972715,0.3199999999999932,False,,,,,,,,,
butterfly,2026-08-31 00:00:00,7120.0,7125.0,7140.0,406.4349549222588,401.99961047483293,388.6435771325554,-0.012500000000045475,0.3499999999999659,False,,,,,,,,,
butterfly,2026-08-31 00:00:00,7140.0,7150.0,7160.0,388.6435771325554,379.82288823770364,370.95219934285194,-0.024999999999977263,0.2999999999999545,False,,,,,,,,,
butterfly,2026-08-31 00:00:00,7165.0,7170.0,7175.0,366.61685489542606,362.28151044800023,357.89616600057434,-0.025000000000034106,0.30000000000001137,False,,,,,,,,,
butterfly,2026-08-31 00:00:00,7170.0,7175.0,7180.0,362.28151044800023,357.89616600057434,353.4608215531485,-0.024999999999977263,0.2999999999999545,False,,,,,,,,,
butterfly,2026-08-31 00:00:00,7180.0,7185.0,7190.0,353.4608215531485,349.22547710572263,344.8901326582968,-0.05000000000001137,0.30000000000001137,False,,,,,,,,,
butterfly,2026-08-31 00:00:00,7185.0,7190.0,7195.0,349.22547710572263,344.8901326582968,340.40478821087095,-0.07500000000004547,0.30000000000001137,False,,,,,,,,,
butterfly,2026-08-31 00:00:00,7195.0,7200.0,7210.0,340.40478821087095,336.26944376344505,327.7487548685933,-0.08333333333331439,0.2666666666666515,False,,,,,,,,,
butterfly,2026-08-31 00:00:00,7200.0,7210.0,7225.0,336.26944376344505,327.7487548685933,314.84272152631576,-0.049999999999954525,0.30000000000001137,False,,,,,,,,,
butterfly,2026-08-31 00:00:00,7225.0,7230.0,7240.0,314.84272152631576,310.70737707888986,302.33668818403817,-0.03333333333330302,0.3333333333333144,False,,,,,,,,,
butterfly,2026-08-31 00:00:00,7230.0,7240.0,7250.0,310.70737707888986,302.33668818403817,293.81599928918644,-0.07500000000004547,0.30000000000001137,False,,,,,,,,,
butterfly,2026-08-31 00:00:00,7275.0,7285.0,7290.0,273.18927705205715,264.9685881572055,260.8332437097796,-0.016666666666708352,0.39999999999997726,False,,,,,,,,,
butterfly,2026-08-31 00:00:00,7310.0,7315.0,7320.0,244.84186592007617,241.1565214726503,236.87117702522445,-0.29999999999998295,0.10000000000002274,False,,,,,,,,,
butterfly,2026-08-31 00:00:00,7325.0,7330.0,7335.0,232.83583257779858,229.00048813037273,224.96514368294686,-0.10000000000002274,0.29999999999998295,False,,,,,,,,,
butterfly,2026-08-31 00:00:00,7340.0,7345.0,7350.0,221.029799235521,217.44445478809516,213.3091103406693,-0.2750000000000057,0.10000000000002274,False,,,,,,,,,
butterfly,2026-08-31 00:00:00,7350.0,7360.0,7365.0,213.3091103406693,205.6884214458176,201.8030769983917,-0.05000000000001137,0.3333333333333428,False,,,,,,,,,
butterfly,2026-08-31 00:00:00,7375.0,7380.0,7390.0,194.43238810354,190.79704365611414,183.3763547612624,-0.05000000000001137,0.4333333333333087,False,,,,,,,,,
butterfly,2026-08-31 00:00:00,7390.0,7395.0,7400.0,183.3763547612624,179.84101031383656,176.0556658664107,-0.12500000000002842,0.3499999999999943,False,,,,,,,,,
butterfly,2026-08-31 00:00:00,7410.0,7420.0,7425.0,168.93497697155897,161.96428807670725,158.3289436292814,-0.0999999999999659,0.2666666666666515,False,,,,,,,,,
butterfly,2026-08-31 00:00:00,7430.0,7440.0,7450.0,154.69359918185555,147.92291028700384,141.0522213921521,-0.05000000000001137,0.3499999999999943,False,,,,,,,,,
butterfly,2026-08-31 00:00:00,7450.0,7460.0,7470.0,141.0522213921521,134.63153249730038,127.96084360244868,-0.125,0.35000000000002274,False,,,,,,,,,
butterfly,2026-08-31 00:00:00,7470.0,7475.0,7480.0,127.96084360244868,125.57549915502281,121.84015470759695,-0.6749999999999972,-0.25,True,,,,,,,,,
butterfly,2026-08-31 00:00:00,7480.0,7490.0,7500.0,121.84015470759695,116.16946581274523,109.15,-0.6743884589467513,-0.2493884589467541,True,,,,,,,,,
butterfly,2026-08-31 00:00:00,7500.0,7510.0,7520.0,109.15,104.05,98.2,-0.3749999999999858,0.04999999999999716,False,,,,,,,,,
butterfly,2026-08-31 00:00:00,7510.0,7520.0,7525.0,104.05,98.2,94.9,-0.2499999999999858,0.1666666666666714,False,,,,,,,,,
butterfly,2026-08-31 00:00:00,7535.0,7545.0,7550.0,89.45,84.6,81.7,-0.31666666666664867,0.09999999999999432,False,,,,,,,,,
butterfly,2026-08-31 00:00:00,7550.0,7560.0,7565.0,81.7,76.85,74.3,-0.08333333333331439,0.4333333333333371,False,,,,,,,,,
butterfly,2026-08-31 00:00:00,7570.0,7575.0,7600.0,71.9,69.75,58.4,-0.09999999999999432,0.3166666666666771,False,,,,,,,,,
butterfly,2026-08-31 00:00:00,7620.0,7625.0,7630.0,50.5,48.75,46.599999999999994,-0.20000000000000284,0.14999999999999858,False,,,,,,,,,
butterfly,2026-08-31 00:00:00,7630.0,7635.0,7650.0,46.599999999999994,44.900000000000006,39.7,-0.025000000000005684,0.3749999999999929,False,,,,,,,,,
butterfly,2026-08-31 00:00:00,7670.0,7675.0,7690.0,33.5,32.35,28.35,-0.13750000000000284,0.20000000000000284,False,,,,,,,,,
butterfly,2026-08-31 00:00:00,7690.0,7700.0,7705.0,28.35,26.0,24.75,-0.04999999999999716,0.20000000000000284,False,,,,,,,,,
butterfly,2026-08-31 00:00:00,7710.0,7715.0,7720.0,23.65,22.65,21.549999999999997,-0.05000000000000071,0.25,False,,,,,,,,,
butterfly,2026-08-31 00:00:00,7730.0,7740.0,7750.0,19.7,18.049999999999997,16.25,-0.07499999999999574,0.25,False,,,,,,,,,
butterfly,2026-08-31 00:00:00,7760.0,7765.0,7770.0,14.85,14.35,13.55,-0.15000000000000036,0.15000000000000036,False,,,,,,,,,
butterfly,2026-08-31 00:00:00,7765.0,7770.0,7775.0,14.35,13.55,12.7,-0.02500000000000213,0.25,False,,,,,,,,,
butterfly,2026-08-31 00:00:00,7775.0,7780.0,7785.0,12.7,12.25,11.55,-0.125,0.15000000000000036,False,,,,,,,,,
butterfly,2026-08-31 00:00:00,7870.0,7875.0,7885.0,5.1,4.9,4.45,-0.016666666666667496,0.16666666666666696,False,,,,,,,,,
butterfly,2026-08-31 00:00:00,7890.0,7895.0,7900.0,4.25,4.05,3.8,-0.024999999999999467,0.19999999999999973,False,,,,,,,,,
butterfly,2026-08-31 00:00:00,7900.0,7910.0,7920.0,3.8,3.55,3.25,-0.02499999999999991,0.09999999999999964,False,,,,,,,,,
butterfly,2026-08-31 00:00:00,7920.0,7925.0,7930.0,3.25,3.1500000000000004,3.0,-0.025000000000000355,0.10000000000000009,False,,,,,,,,,
butterfly,2026-08-31 00:00:00,7930.0,7945.0,7950.0,3.0,2.675,2.525,-0.03125,0.08749999999999991,False,,,,,,,,,
butterfly,2026-08-31 00:00:00,7950.0,7960.0,7970.0,2.525,2.375,2.1500000000000004,-0.037499999999999645,0.07500000000000018,False,,,,,,,,,
butterfly,2026-08-31 00:00:00,7970.0,7975.0,7980.0,2.1500000000000004,2.0999999999999996,2.025,-0.01249999999999929,0.07500000000000018,False,,,,,,,,,
butterfly,2026-08-31 00:00:00,8000.0,8005.0,8010.0,1.775,1.725,1.65,-0.012500000000000178,0.050000000000000044,False,,,,,,,,,
butterfly,2026-08-31 00:00:00,8010.0,8025.0,8050.0,1.65,1.525,1.275,-0.015625,0.11875000000000013,False,,,,,,,,,
butterfly,2026-08-31 00:00:00,8270.0,8275.0,8300.0,0.525,0.55,0.5,-0.029166666666666674,0.09166666666666667,False,,,,,,,,,
butterfly,2026-08-31 00:00:00,8300.0,8325.0,8330.0,0.5,0.45,0.425,-0.012500000000000011,0.10833333333333328,False,,,,,,,,,
butterfly,2026-08-31 00:00:00,8340.0,8360.0,8400.0,0.425,0.425,0.4,-0.008333333333333304,0.13333333333333336,False,,,,,,,,,
butterfly,2026-08-31 00:00:00,8360.0,8400.0,8500.0,0.425,0.4,0.3,-0.010714285714285787,0.10714285714285715,False,,,,,,,,,
butterfly,2026-08-31 00:00:00,8600.0,8700.0,8800.0,0.22499999999999998,0.2,0.15000000000000002,-0.012500000000000011,0.1,False,,,,,,,,,
butterfly,2026-09-04 00:00:00,5800.0,5900.0,5950.0,1695.7862844750546,1596.6674760279673,1547.058071804424,-0.03333333333307564,0.20000000000004547,False,,,,,,,,,
butterfly,2026-09-04 00:00:00,6000.0,6050.0,6100.0,1497.4486675808803,1448.0892633573367,1398.5298591337933,-0.09999999999990905,0.09999999999990905,False,,,,,,,,,
butterfly,2026-09-04 00:00:00,6100.0,6150.0,6200.0,1398.5298591337933,1349.1704549102496,1299.611050686706,-0.09999999999990905,0.09999999999990905,False,,,,,,,,,
butterfly,2026-09-04 00:00:00,6250.0,6300.0,6350.0,1250.3016464631628,1201.042242239619,1151.6828380160757,-0.04999999999972715,0.2500000000002274,False,,,,,,,,,
butterfly,2026-09-04 00:00:00,6350.0,6400.0,6450.0,1151.6828380160757,1102.5734337925321,1053.4140295689886,-0.024999999999863576,0.20000000000004547,False,,,,,,,,,
butterfly,2026-09-04 00:00:00,6500.0,6550.0,6600.0,1004.354625345445,955.6452211219015,906.885816898358,-0.024999999999977263,0.25,False,,,,,,,,,
butterfly,2026-09-04 00:00:00,6600.0,6650.0,6700.0,906.885816898358,858.3764126748144,809.8170084512709,-0.024999999999977263,0.20000000000004547,False,,,,,,,,,
butterfly,2026-09-04 00:00:00,6900.0,6925.0,6950.0,618.8293915570969,595.799689445325,572.4199873335533,-0.17499999999995453,0.15000000000009095,False,,,,,,,,,
butterfly,2026-09-04 00:00:00,7275.0,7300.0,7325.0,285.8838598805204,266.1041577687487,246.12445565697692,-0.10000000000002274,0.35000000000002274,False,,,,,,,,,
butterfly,2026-09-04 00:00:00,7500.0,7510.0,7525.0,123.0,117.15,108.1,-0.11000000000001364,0.3400000000000034,False,,,,,,,,,
butterfly,2026-09-04 00:00:00,7550.0,7570.0,7575.0,94.44999999999999,84.35,81.8,-0.01999999999999602,0.4200000000000159,False,,,,,,,,,
butterfly,2026-09-04 00:00:00,7570.0,7575.0,7580.0,84.35,81.8,79.05,-0.10000000000000853,0.3499999999999943,False,,,,,,,,,
butterfly,2026-09-11 00:00:00,6000.0,6050.0,6100.0,1503.8157823542376,1454.3679337823885,1404.8700852105392,-0.02500000000009095,0.20000000000027285,False,,,,,,,,,
butterfly,2026-09-11 00:00:00,6100.0,6150.0,6200.0,1404.8700852105392,1355.62223663869,1306.174388066841,-0.09999999999990905,0.15000000000009095,False,,,,,,,,,
butterfly,2026-09-11 00:00:00,6200.0,6250.0,6300.0,1306.174388066841,1256.9765394949918,1207.7286909231425,-0.02500000000009095,0.20000000000004547,False,,,,,,,,,
butterfly,2026-09-11 00:00:00,6350.0,6400.0,6450.0,1158.7308423512934,1109.732993779444,1060.685145207595,-0.024999999999863576,0.25,False,,,,,,,,,
butterfly,2026-09-11 00:00:00,6550.0,6600.0,6650.0,963.2894480638967,914.8915994920475,866.3937509201983,-0.05000000000006821,0.15000000000009095,False,,,,,,,,,
butterfly,2026-09-11 00:00:00,6650.0,6700.0,6750.0,866.3937509201983,818.3959023483491,770.3480537764999,-0.024999999999977263,0.20000000000004547,False,,,,,,,,,
butterfly,2026-09-11 00:00:00,6750.0,6800.0,6850.0,770.3480537764999,723.1002052046507,675.8023566328015,-0.024999999999977263,0.20000000000004547,False,,,,,,,,,
butterfly,2026-09-11 00:00:00,6900.0,6925.0,6950.0,628.9045080609524,605.9055837750278,582.7066594891032,-0.10000000000002274,0.20000000000004547,False,,,,,,,,,
butterfly,2026-09-11 00:00:00,6925.0,6950.0,6975.0,605.9055837750278,582.7066594891032,559.4577352031786,-0.02500000000009095,0.35000000000002274,False,,,,,,,,,
butterfly,2026-09-11 00:00:00,6975.0,7000.0,7025.0,559.4577352031786,536.9588109172539,514.2098866313294,-0.125,0.3000000000000682,False,,,,,,,,,
butterfly,2026-09-11 00:00:00,7150.0,7175.0,7200.0,403.4652652017064,382.36634091578185,361.0174166298572,-0.125,0.25,False,,,,,,,,,
butterfly,2026-09-18 00:00:00,5275.0,5300.0,5325.0,2220.138115750562,2195.5800237085823,2170.721931666603,-0.1499999999996362,0.0500000000001819,False,,,,,,,,,
butterfly,2026-09-18 00:00:00,5325.0,5350.0,5375.0,2170.721931666603,2146.063839624623,2121.205747582643,-0.1000000000003638,0.09999999999990905,False,,,,,,,,,
butterfly,2026-09-18 00:00:00,5375.0,5400.0,5425.0,2121.205747582643,2096.497655540664,2071.7395634986838,-0.025000000000545697,0.25,False,,,,,,,,,
butterfly,2026-09-18 00:00:00,5425.0,5450.0,5475.0,2071.7395634986838,2047.1314714567045,2022.3233794147247,-0.10000000000013642,0.15000000000009095,False,,,,,,,,,
butterfly,2026-09-18 00:00:00,5475.0,5500.0,5525.0,2022.3233794147247,1997.6152873727451,1972.8571953307653,-0.02500000000009095,0.20000000000004547,False,,,,,,,,,
butterfly,2026-09-18 00:00:00,5575.0,5600.0,5610.0,1923.4410112468058,1898.8829192048263,1888.8896823880343,-0.12142857142885077,0.11428571428564283,False,,,,,,,,,
butterfly,2026-09-18 00:00:00,5620.0,5625.0,5640.0,1878.9964455712425,1874.0748271628468,1859.2599719376587,-0.012500000000272848,0.25,False,,,,,,,,,
butterfly,2026-09-18 00:00:00,5625.0,5640.0,5650.0,1874.0748271628468,1859.2599719376587,1849.366735120867,-0.009999999999990905,0.2600000000002183,False,,,,,,,,,
butterfly,2026-09-18 00:00:00,5670.0,5675.0,5680.0,1829.6302614872832,1824.7086430788872,1819.7370246704913,-0.02500000000009095,0.1999999999998181,False,,,,,,,,,
butterfly,2026-09-18 00:00:00,5680.0,5690.0,5700.0,1819.7370246704913,1809.9437878536994,1800.0005510369076,-0.07500000000004547,0.20000000000004547,False,,,,,,,,,
butterfly,2026-09-18 00:00:00,5700.0,5710.0,5720.0,1800.0005510369076,1790.1573142201157,1780.2640774033237,-0.02500000000009095,0.25,False,,,,,,,,,
butterfly,2026-09-18 00:00:00,5720.0,5725.0,5730.0,1780.2640774033237,1775.3424589949277,1770.3708405865318,-0.02500000000009095,0.25,False,,,,,,,,,
butterfly,2026-09-18 00:00:00,5740.0,5750.0,5760.0,1760.5276037697402,1750.8343669529481,1740.8411301361564,-0.14999999999986358,0.10000000000013642,False,,,,,,,,,
butterfly,2026-09-18 00:00:00,5770.0,5775.0,5780.0,1730.9478933193645,1726.0262749109684,1721.0546565025725,-0.024999999999863576,0.2500000000002274,False,,,,,,,,,
butterfly,2026-09-18 00:00:00,5790.0,5800.0,5810.0,1711.2614196857808,1701.568182868989,1691.5249460521968,-0.1750000000001819,0.09999999999990905,False,,,,,,,,,
butterfly,2026-09-18 00:00:00,5810.0,5820.0,5825.0,1691.5249460521968,1681.6817092354052,1676.7100908270093,-0.03333333333330302,0.2666666666666515,False,,,,,,,,,
butterfly,2026-09-18 00:00:00,5830.0,5840.0,5850.0,1671.7884724186133,1661.9452356018212,1652.0519987850294,-0.024999999999863576,0.20000000000004547,False,,,,,,,,,
butterfly,2026-09-18 00:00:00,5860.0,5870.0,5875.0,1642.2087619682377,1632.4155251514455,1627.4439067430496,-0.04999999999972715,0.16666666666696983,False,,,,,,,,,
butterfly,2026-09-18 00:00:00,5875.0,5880.0,5890.0,1627.4439067430496,1622.5722883346539,1612.679051517862,-0.0500000000001819,0.16666666666674246,False,,,,,,,,,
butterfly,2026-09-18 00:00:00,5890.0,5900.0,5910.0,1612.679051517862,1603.03581470107,1592.9925778842783,-0.1999999999998181,0.09999999999990905,False,,,,,,,,,
butterfly,2026-09-18 00:00:00,5910.0,5920.0,5925.0,1592.9925778842783,1583.1493410674864,1578.1777226590903,-0.03333333333353039,0.26666666666642413,False,,,,,,,,,
butterfly,2026-09-18 00:00:00,5925.0,5930.0,5940.0,1578.1777226590903,1573.3061042506945,1563.4628674339026,-0.03333333333353039,0.2666666666666515,False,,,,,,,,,
butterfly,2026-09-18 00:00:00,5940.0,5950.0,5970.0,1563.4628674339026,1553.8696306171105,1533.983156983527,-0.23333333333312112,2.2737367544323206e-13,False,,,,,,,,,
butterfly,2026-09-18 00:00:00,5980.0,5990.0,6000.0,1524.089920166735,1514.346683349943,1504.4034465331513,-0.09999999999990905,0.1999999999998181,False,,,,,,,,,
butterfly,2026-09-18 00:00:00,6000.0,6010.0,6025.0,1504.4034465331513,1494.6102097163593,1479.8953544911717,-0.009999999999763531,0.22000000000002728,False,,,,,,,,,
butterfly,2026-09-18 00:00:00,6010.0,6025.0,6030.0,1494.6102097163593,1479.8953544911717,1474.9737360827758,-0.012500000000045475,0.22499999999990905,False,,,,,,,,,
butterfly,2026-09-18 00:00:00,6050.0,6060.0,6070.0,1455.287262449192,1445.4940256324,1435.6007888156082,-0.049999999999954525,0.29999999999972715,False,,,,,,,,,
butterfly,2026-09-18 00:00:00,6070.0,6075.0,6080.0,1435.6007888156082,1430.7791704072122,1425.8575519988162,-0.049999999999954525,0.3000000000001819,False,,,,,,,,,
butterfly,2026-09-18 00:00:00,6090.0,6100.0,6120.0,1416.0643151820245,1406.4210783652325,1386.5846047316488,-0.1833333333331666,0.10000000000013642,False,,,,,,,,,
butterfly,2026-09-18 00:00:00,6120.0,6125.0,6140.0,1386.5846047316488,1381.9129863232529,1367.0481310980651,-0.21250000000009095,0.1000000000003638,False,,,,,,,,,
butterfly,2026-09-18 00:00:00,6170.0,6175.0,6180.0,1337.6184206476894,1332.8968022392935,1327.7751838308977,-0.20000000000004547,0.15000000000009095,False,,,,,,,,,
butterfly,2026-09-18 00:00:00,6180.0,6190.0,6200.0,1327.7751838308977,1318.0319470141058,1308.2387101973138,-0.02500000000009095,0.3500000000001364,False,,,,,,,,,
butterfly,2026-09-18 00:00:00,6190.0,6200.0,6210.0,1318.0319470141058,1308.2387101973138,1298.3954733805222,-0.024999999999863576,0.29999999999972715,False,,,,,,,,,
butterfly,2026-09-18 00:00:00,6220.0,6225.0,6230.0,1288.7022365637301,1283.930618155334,1278.8589997469383,-0.14999999999986358,0.14999999999986358,False,,,,,,,,,
butterfly,2026-09-18 00:00:00,6230.0,6240.0,6250.0,1278.8589997469383,1269.1657629301465,1259.3725261133545,-0.049999999999954525,0.2999999999999545,False,,,,,,,,,
butterfly,2026-09-18 00:00:00,6270.0,6275.0,6280.0,1239.8360524797706,1235.2144340713746,1230.0928156629789,-0.24999999999977263,0.0,False,,,,,,,,,
butterfly,2026-09-18 00:00:00,6290.0,6300.0,6310.0,1220.299578846187,1210.906342029395,1200.7131052126033,-0.40000000000009095,-0.049999999999954525,True,,,,,,,,,
butterfly,2026-09-18 00:00:00,6320.0,6325.0,6330.0,1191.0198683958115,1186.5482499874156,1181.3266315790195,-0.375,-0.0500000000001819,True,,,,,,,,,
butterfly,2026-09-18 00:00:00,6340.0,6350.0,6360.0,1171.5333947622275,1162.0901579454357,1152.0469211286438,-0.3000000000001819,-2.2737367544323206e-13,False,,,,,,,,,
butterfly,2026-09-18 00:00:00,6370.0,6375.0,6380.0,1142.353684311852,1137.8320659034562,1132.7104474950602,-0.3000000000001819,0.0500000000001819,False,,,,,,,,,
butterfly,2026-09-18 00:00:00,6390.0,6400.0,6420.0,1122.817210678268,1113.2239738614765,1093.6875002278925,-0.11666666666678793,0.23333333333312112,False,,,,,,,,,
butterfly,2026-09-18 00:00:00,6420.0,6425.0,6430.0,1093.6875002278925,1089.3158818194966,1083.9942634111007,-0.47499999999990905,-0.14999999999986358,True,,,,,,,,,
butterfly,2026-09-18 00:00:00,6440.0,6450.0,6475.0,1074.301026594309,1065.057789777517,1040.4496977355373,-0.4285714285713311,-0.11428571428541545,True,,,,,,,,,
butterfly,2026-09-18 00:00:00,6475.0,6500.0,6510.0,1040.4496977355373,1016.8416056935577,1006.5483688767657,-0.6071428571430033,-0.3285714285714221,True,,,,,,,,,
butterfly,2026-09-18 00:00:00,6510.0,6520.0,6525.0,1006.5483688767657,997.0551320599739,992.1835136515779,-0.08333333333337123,0.1999999999999318,False,,,,,,,,,
butterfly,2026-09-18 00:00:00,6525.0,6530.0,6540.0,992.1835136515779,987.861895243182,978.2686584263901,-0.3166666666667197,0.03333333333330302,False,,,,,,,,,
butterfly,2026-09-18 00:00:00,6540.0,6550.0,6570.0,978.2686584263901,968.7254216095982,948.9889479760145,-0.21666666666669698,0.10000000000002274,False,,,,,,,,,
butterfly,2026-09-18 00:00:00,6570.0,6575.0,6580.0,948.9889479760145,944.4673295676185,939.2957111592227,-0.3249999999999318,0.0,False,,,,,,,,,
butterfly,2026-09-18 00:00:00,6580.0,6590.0,6600.0,939.2957111592227,929.8024743424307,920.0592375256389,-0.125,0.10000000000002274,False,,,,,,,,,
butterfly,2026-09-18 00:00:00,6600.0,6625.0,6630.0,920.0592375256389,896.8511454836593,891.6295270752632,-0.4833333333333485,-0.15000000000009095,True,,,,,,,,,
butterfly,2026-09-18 00:00:00,6640.0,6650.0,6660.0,881.7862902584715,872.7930534416795,862.8998166248876,-0.4499999999999318,-0.14999999999997726,True,,,,,,,,,
butterfly,2026-09-18 00:00:00,6660.0,6670.0,6675.0,862.8998166248876,853.6065798080957,848.4349613996998,-0.35000000000002274,0.033333333333416704,False,,,,,,,,,
butterfly,2026-09-18 00:00:00,6675.0,6680.0,6690.0,848.4349613996998,844.4633429913039,834.220106174512,-0.7666666666667652,-0.40000000000009095,True,,,,,,,,,
butterfly,2026-09-18 00:00:00,6700.0,6710.0,6725.0,824.7768693577201,815.3836325409283,801.1187773157405,-0.07000000000005002,0.17999999999994998,False,,,,,,,,,
butterfly,2026-09-18 00:00:00,6750.0,6760.0,6770.0,777.5606852737608,768.2174484569689,758.7742116401771,-0.049999999999954525,0.35000000000002274,False,,,,,,,,,
butterfly,2026-09-18 00:00:00,6770.0,6775.0,6780.0,758.7742116401771,754.0525932317811,749.2809748233851,-0.024999999999977263,0.20000000000004547,False,,,,,,,,,
butterfly,2026-09-18 00:00:00,6780.0,6790.0,6800.0,749.2809748233851,740.5877380065932,731.2445011898014,-0.3249999999999318,-0.049999999999954525,True,,,,,,,,,
butterfly,2026-09-18 00:00:00,6800.0,6810.0,6820.0,731.2445011898014,722.0512643730095,711.8580275562176,-0.5,-0.15000000000009095,True,,,,,,,,,
butterfly,2026-09-18 00:00:00,6825.0,6830.0,6840.0,707.2364091478217,702.6147907394258,693.2215539226339,-0.049999999999954525,0.20000000000004547,False,,,,,,,,,
butterfly,2026-09-18 00:00:00,6875.0,6880.0,6900.0,661.4702250638624,657.0486066554664,637.8121330218827,-0.3100000000000591,0.04000000000007731,False,,,,,,,,,
butterfly,2026-09-18 00:00:00,6910.0,6920.0,6925.0,628.6188962050908,619.5256593882989,614.854040979903,-0.08333333333325754,0.20000000000015916,False,,,,,,,,,
butterfly,2026-09-18 00:00:00,6925.0,6930.0,6940.0,614.854040979903,611.132422571507,601.3391857547152,-0.783333333333303,-0.4333333333332803,True,,,,,,,,,
butterfly,2026-09-18 00:00:00,6960.0,6970.0,6975.0,582.8527121211315,573.9594753043395,569.3378568959436,-0.11666666666667425,0.13333333333332575,False,,,,,,,,,
butterfly,2026-09-18 00:00:00,6975.0,6980.0,6990.0,569.3378568959436,564.9662384875477,555.8230016707558,-0.13333333333332575,0.2999999999999545,False,,,,,,,,,
butterfly,2026-09-18 00:00:00,6995.0,7000.0,7005.0,551.3013832623599,547.179764853964,542.608146445568,-0.22500000000002274,0.4499999999999318,False,,,,,,,,,
butterfly,2026-09-18 00:00:00,7005.0,7010.0,7015.0,542.608146445568,538.1365280371721,533.4149096287761,-0.1250000000001137,0.5499999999999545,False,,,,,,,,,
butterfly,2026-09-18 00:00:00,7035.0,7040.0,7045.0,515.7284359951924,512.4568175867964,507.13519917840046,-1.0249999999999773,-0.5499999999999545,True,,,,,,,,,
butterfly,2026-09-18 00:00:00,7045.0,7050.0,7055.0,507.13519917840046,503.21358077000457,498.09196236160864,-0.6000000000000227,-0.1500000000000341,True,,,,,,,,,
butterfly,2026-09-18 00:00:00,7055.0,7060.0,7070.0,498.09196236160864,494.6203439532127,485.72710713642084,-0.6499999999999773,-0.26666666666659467,True,,,,,,,,,
butterfly,2026-09-18 00:00:00,7070.0,7075.0,7090.0,485.72710713642084,481.35548872802485,468.04063350283707,-0.049999999999954525,0.35000000000002274,False,,,,,,,,,
butterfly,2026-09-18 00:00:00,7090.0,7100.0,7105.0,468.04063350283707,459.5973966860452,454.37577827764926,-0.6666666666666856,-0.2333333333333485,True,,,,,,,,,
butterfly,2026-09-18 00:00:00,7110.0,7120.0,7125.0,449.9541598692533,441.5109230524614,437.0393046440655,-0.16666666666662877,0.4333333333333371,False,,,,,,,,,
butterfly,2026-09-18 00:00:00,7130.0,7140.0,7150.0,432.7676862356696,425.22444941887767,415.8312126020858,-0.9249999999999545,-0.39999999999997726,True,,,,,,,,,
butterfly,2026-09-18 00:00:00,7170.0,7175.0,7195.0,398.89473896850205,395.7231205601061,377.93664692652237,-1.0200000000000387,-0.5,True,,,,,,,,,
butterfly,2026-09-18 00:00:00,7195.0,7200.0,7205.0,377.93664692652237,373.91502851812646,369.6434101097305,-0.12500000000005684,0.5999999999999659,False,,,,,,,,,
butterfly,2026-09-18 00:00:00,7225.0,7235.0,7240.0,353.1569364761468,345.2136996593549,340.892081250959,-0.23333333333329165,0.5000000000000568,False,,,,,,,,,
butterfly,2026-09-18 00:00:00,7240.0,7245.0,7250.0,340.892081250959,336.87046284256303,332.74884443416704,-0.05000000000001137,0.5500000000000114,False,,,,,,,,,
butterfly,2026-09-18 00:00:00,7250.0,7255.0,7260.0,332.74884443416704,328.82722602577115,324.7056076173752,-0.10000000000002274,0.6000000000000227,False,,,,,,,,,
butterfly,2026-09-18 00:00:00,7260.0,7270.0,7275.0,324.7056076173752,317.86237080058334,312.6907523921874,-1.1666666666666288,-0.6333333333333258,True,,,,,,,,,
butterfly,2026-09-18 00:00:00,7275.0,7280.0,7285.0,312.6907523921874,309.9191339837914,305.1975155753955,-0.9749999999999659,-0.4500000000000455,True,,,,,,,,,
butterfly,2026-09-18 00:00:00,7285.0,7300.0,7315.0,305.1975155753955,294.4326603502077,282.4678051250199,-0.6000000000000227,-0.14999999999997726,True,,,,,,,,,
butterfly,2026-09-18 00:00:00,7300.0,7315.0,7320.0,294.4326603502077,282.4678051250199,277.59618671662395,-0.6624999999999659,-0.19999999999998863,True,,,,,,,,,
butterfly,2026-09-18 00:00:00,7325.0,7350.0,7355.0,273.774568308228,255.91647626624837,252.2448578578524,-0.08333333333337123,0.3333333333333428,False,,,,,,,,,
butterfly,2026-09-18 00:00:00,7350.0,7355.0,7360.0,255.91647626624837,252.2448578578524,247.42323944945647,-0.5749999999999602,-0.0999999999999659,True,,,,,,,,,
butterfly,2026-09-18 00:00:00,7365.0,7370.0,7375.0,243.70162104106055,241.5800026326646,236.30838422426865,-1.5749999999999886,-0.9499999999999886,True,,,,,,,,,
butterfly,2026-09-18 00:00:00,7375.0,7385.0,7390.0,236.30838422426865,229.11514740747677,225.39352899908084,-0.08333333333331439,0.666666666666714,False,,,,,,,,,
butterfly,2026-09-18 00:00:00,7400.0,7405.0,7410.0,218.45029218228896,216.32867377389303,211.3570553654971,-1.424999999999983,-0.8499999999999659,True,,,,,,,,,
butterfly,2026-09-18 00:00:00,7420.0,7425.0,7430.0,204.2138185487052,202.39220014030928,197.42058173191336,-1.5749999999999886,-0.9499999999999886,True,,,,,,,,,
butterfly,2026-09-18 00:00:00,7440.0,7445.0,7450.0,190.57734491512147,187.85572650672555,184.88410809832962,-0.125,0.5999999999999943,False,,,,,,,,,
butterfly,2026-09-18 00:00:00,7445.0,7450.0,7455.0,187.85572650672555,184.88410809832962,180.51248968993366,-0.700000000000017,0.0,False,,,,,,,,,
butterfly,2026-09-18 00:00:00,7470.0,7475.0,7480.0,170.94763446474587,168.27601605634993,164.55439764795398,-0.5250000000000057,0.29999999999998295,False,,,,,,,,,
butterfly,2026-09-18 00:00:00,7485.0,7490.0,7495.0,161.38277923955803,158.8111608311621,155.18954242276618,-0.5250000000000057,0.20000000000001705,False,,,,,,,,,
butterfly,2026-09-18 00:00:00,7495.0,7500.0,7510.0,155.18954242276618,152.96792401437023,146.35000000000002,-0.724895732526079,-0.041562399192798694,True,,,,,,,,,
butterfly,2026-09-18 00:00:00,7520.0,7525.0,7530.0,140.4,137.45,134.0,-0.25,0.6000000000000227,False,,,,,,,,,
butterfly,2026-09-18 00:00:00,7530.0,7545.0,7550.0,134.0,127.35,124.5,-0.4749999999999943,0.025000000000005684,False,,,,,,,,,
butterfly,2026-09-18 00:00:00,7545.0,7550.0,7565.0,127.35,124.5,115.25,-0.17500000000001137,0.32499999999998863,False,,,,,,,,,
butterfly,2026-09-18 00:00:00,7570.0,7575.0,7580.0,112.45,110.9,108.3,-0.5250000000000057,0.04999999999999716,False,,,,,,,,,
butterfly,2026-09-18 00:00:00,7575.0,7580.0,7595.0,110.9,108.3,99.9,-0.14999999999999147,0.3999999999999915,False,,,,,,,,,
butterfly,2026-09-18 00:00:00,7595.0,7600.0,7605.0,99.9,98.65,95.05,-1.1750000000000114,-0.5,True,,,,,,,,,
butterfly,2026-09-18 00:00:00,7610.0,7615.0,7620.0,92.4,90.35,88.1,-0.09999999999999432,0.75,False,,,,,,,,,
butterfly,2026-09-18 00:00:00,7625.0,7630.0,7635.0,85.85,83.65,81.4,-0.025000000000005684,0.8499999999999943,False,,,,,,,,,
butterfly,2026-09-18 00:00:00,7670.0,7675.0,7680.0,67.25,65.4,63.45,-0.05000000000001137,0.6999999999999886,False,,,,,,,,,
butterfly,2026-09-18 00:00:00,7695.0,7700.0,7705.0,58.2,57.5,55.599999999999994,-0.6000000000000014,-0.09999999999999432,True,,,,,,,,,
butterfly,2026-09-18 00:00:00,7700.0,7705.0,7715.0,57.5,55.599999999999994,51.6,-0.06666666666666288,0.4000000000000057,False,,,,,,,,,
butterfly,2026-09-18 00:00:00,7715.0,7725.0,7740.0,51.6,49.3,44.900000000000006,-0.37999999999999545,0.14000000000000057,False,,,,,,,,,
butterfly,2026-09-18 00:00:00,7725.0,7740.0,7750.0,49.3,44.900000000000006,41.55,-0.2500000000000142,0.23999999999999488,False,,,,,,,,,
butterfly,2026-09-18 00:00:00,7750.0,7760.0,7770.0,41.55,39.8,37.2,-0.42499999999999716,0.04999999999999716,False,,,,,,,,,
butterfly,2026-09-18 00:00:00,7760.0,7770.0,7775.0,39.8,37.2,35.3,-0.4000000000000057,0.06666666666666998,False,,,,,,,,,
butterfly,2026-09-18 00:00:00,7775.0,7780.0,7790.0,35.3,34.8,31.950000000000003,-0.61666666666666,-0.13333333333333286,True,,,,,,,,,
butterfly,2026-09-18 00:00:00,7790.0,7800.0,7810.0,31.950000000000003,30.1,27.75,-0.25,0.3500000000000014,False,,,,,,,,,
butterfly,2026-09-18 00:00:00,7810.0,7820.0,7825.0,27.75,26.549999999999997,25.65,-0.19999999999999574,0.1666666666666714,False,,,,,,,,,
butterfly,2026-09-18 00:00:00,7820.0,7825.0,7830.0,26.549999999999997,25.65,24.7,-0.02499999999999858,0.29999999999999716,False,,,,,,,,,
butterfly,2026-09-18 00:00:00,7840.0,7850.0,7870.0,23.15,21.65,18.35,-0.09999999999999787,0.23333333333333428,False,,,,,,,,,
butterfly,2026-09-18 00:00:00,7870.0,7875.0,7880.0,18.35,17.8,17.1,-0.07499999999999929,0.3999999999999986,False,,,,,,,,,
butterfly,2026-09-18 00:00:00,7890.0,7900.0,7920.0,16.0,15.2,13.15,-0.14999999999999858,0.23333333333333428,False,,,,,,,,,
butterfly,2026-09-18 00:00:00,7900.0,7920.0,7925.0,15.2,13.15,12.399999999999999,-0.1899999999999995,0.16000000000000014,False,,,,,,,,,
butterfly,2026-09-18 00:00:00,7925.0,7930.0,7940.0,12.399999999999999,12.25,11.5,-0.15000000000000036,0.1999999999999993,False,,,,,,,,,
butterfly,2026-09-18 00:00:00,7930.0,7940.0,7950.0,12.25,11.5,10.3,-0.22499999999999964,0.14999999999999858,False,,,,,,,,,
butterfly,2026-09-18 00:00:00,7960.0,7970.0,7975.0,9.65,9.3,9.05,-0.05000000000000071,0.3333333333333339,False,,,,,,,,,
butterfly,2026-09-18 00:00:00,7970.0,7975.0,7990.0,9.3,9.05,8.100000000000001,-0.05000000000000071,0.29999999999999893,False,,,,,,,,,
butterfly,2026-09-18 00:00:00,8000.0,8010.0,8025.0,7.550000000000001,7.1,6.35,-0.02999999999999936,0.3200000000000003,False,,,,,,,,,
butterfly,2026-09-18 00:00:00,8010.0,8025.0,8030.0,7.1,6.35,6.0,-0.07499999999999929,0.27500000000000036,False,,,,,,,,,
butterfly,2026-09-18 00:00:00,8030.0,8040.0,8050.0,6.0,5.800000000000001,5.25,-0.1750000000000007,0.10000000000000053,False,,,,,,,,,
butterfly,2026-09-18 00:00:00,8175.0,8200.0,8250.0,2.625,2.4,1.7999999999999998,-0.04999999999999982,0.16666666666666696,False,,,,,,,,,
butterfly,2026-09-18 00:00:00,8375.0,8400.0,8425.0,1.125,1.075,0.95,-0.03749999999999987,0.125,False,,,,,,,,,
butterfly,2026-09-18 00:00:00,8425.0,8450.0,8475.0,0.95,0.9,0.825,-0.012500000000000067,0.17500000000000004,False,,,,,,,,,
butterfly,2026-09-18 00:00:00,8800.0,8900.0,9000.0,0.35,0.325,0.275,-0.012500000000000011,0.15000000000000002,False,,,,,,,,,
butterfly,2026-09-18 00:00:00,9100.0,9200.0,9400.0,0.22499999999999998,0.22499999999999998,0.175,-0.016666666666666663,0.16666666666666666,False,,,,,,,,,
butterfly,2026-09-30 00:00:00,5250.0,5300.0,5325.0,2254.5668212717324,2205.197794064149,2180.4882804603576,-0.016666666666424135,0.23333333333312112,False,,,,,,,,,
butterfly,2026-09-30 00:00:00,5400.0,5425.0,5450.0,2106.359739648983,2081.7502260451915,2056.9907124414,-0.07500000000027285,0.15000000000009095,False,,,,,,,,,
butterfly,2026-09-30 00:00:00,5500.0,5550.0,5575.0,2007.6716852338163,1958.4526580262332,1933.7931444224416,-0.03333333333307564,0.16666666666674246,False,,,,,,,,,
butterfly,2026-09-30 00:00:00,5600.0,5675.0,5700.0,1909.13363081865,1835.2550900072754,1810.5955764034836,-0.02500000000009095,0.1750000000001819,False,,,,,,,,,
butterfly,2026-09-30 00:00:00,5700.0,5750.0,5775.0,1810.5955764034836,1761.4265491959006,1736.817035592109,-0.01666666666665151,0.2333333333333485,False,,,,,,,,,
butterfly,2026-09-30 00:00:00,5775.0,5800.0,5825.0,1736.817035592109,1712.3075219883174,1687.6980083845258,-0.049999999999954525,0.20000000000004547,False,,,,,,,,,
butterfly,2026-09-30 00:00:00,5875.0,5890.0,5900.0,1638.5789811769425,1623.9132730146675,1614.0194675731511,-0.06999999999970896,0.18000000000006366,False,,,,,,,,,
butterfly,2026-09-30 00:00:00,5900.0,5925.0,5935.0,1614.0194675731511,1589.5599539693594,1579.716148527843,-0.04285714285697395,0.15714285714284415,False,,,,,,,,,
butterfly,2026-09-30 00:00:00,5950.0,5975.0,5990.0,1564.9504403655678,1540.5409267617763,1525.8252185995013,-0.043750000000045475,0.17499999999995453,False,,,,,,,,,
butterfly,2026-09-30 00:00:00,5990.0,6000.0,6025.0,1525.8252185995013,1516.0314131579846,1491.5218995541932,-0.007142857142753201,0.24285714285701943,False,,,,,,,,,
butterfly,2026-09-30 00:00:00,6000.0,6025.0,6030.0,1516.0314131579846,1491.5218995541932,1486.5999968334347,-0.016666666666878882,0.2333333333333485,False,,,,,,,,,
butterfly,2026-09-30 00:00:00,6050.0,6075.0,6100.0,1467.0123859504015,1442.75287234661,1418.3433587428183,-0.07500000000004547,0.20000000000004547,False,,,,,,,,,
butterfly,2026-09-30 00:00:00,6075.0,6100.0,6125.0,1442.75287234661,1418.3433587428183,1393.8838451390268,-0.024999999999863576,0.25,False,,,,,,,,,
butterfly,2026-09-30 00:00:00,6125.0,6130.0,6150.0,1393.8838451390268,1389.0119424182683,1369.4743315352353,-0.009999999999990905,0.37999999999988177,False,,,,,,,,,
butterfly,2026-09-30 00:00:00,6175.0,6200.0,6210.0,1345.0648179314437,1320.855304327652,1310.9614988861351,-0.15000000000009095,0.19999999999959073,False,,,,,,,,,
butterfly,2026-09-30 00:00:00,6210.0,6225.0,6250.0,1310.9614988861351,1296.5457907238604,1272.0862771200686,-0.16250000000013642,0.23749999999949978,False,,,,,,,,,
butterfly,2026-09-30 00:00:00,6250.0,6275.0,6300.0,1272.0862771200686,1248.026763516277,1223.5672499124855,-0.20000000000004547,0.20000000000027285,False,,,,,,,,,
butterfly,2026-09-30 00:00:00,6325.0,6340.0,6350.0,1199.457736308694,1185.0920281464191,1175.3982227049023,-0.07000000000016371,0.2799999999999727,False,,,,,,,,,
butterfly,2026-09-30 00:00:00,6340.0,6350.0,6365.0,1185.0920281464191,1175.3982227049023,1160.7825145426275,-0.02999999999974534,0.3000000000001819,False,,,,,,,,,
butterfly,2026-09-30 00:00:00,6375.0,6380.0,6385.0,1151.1387091011106,1146.5168063803526,1141.4949036595942,-0.20000000000027285,0.14999999999986358,False,,,,,,,,,
butterfly,2026-09-30 00:00:00,6385.0,6400.0,6425.0,1141.4949036595942,1127.1291954973192,1102.9196818935275,-0.09999999999990905,0.25,False,,,,,,,,,
butterfly,2026-09-30 00:00:00,6450.0,6455.0,6485.0,1079.0601682897359,1074.3382655689777,1045.4068492444278,-0.08571428571440265,0.271428571428487,False,,,,,,,,,
butterfly,2026-09-30 00:00:00,6485.0,6490.0,6495.0,1045.4068492444278,1040.6849465236696,1035.7130438029112,-0.125,0.20000000000004547,False,,,,,,,,,
butterfly,2026-09-30 00:00:00,6495.0,6500.0,6505.0,1035.7130438029112,1031.091141082153,1026.3692383613945,-0.049999999999954525,0.2999999999999545,False,,,,,,,,,
butterfly,2026-09-30 00:00:00,6500.0,6505.0,6510.0,1031.091141082153,1026.3692383613945,1021.5973356406362,-0.024999999999863576,0.3000000000001819,False,,,,,,,,,
butterfly,2026-09-30 00:00:00,6510.0,6515.0,6520.0,1021.5973356406362,1016.8754329198779,1011.8035301991197,-0.17499999999995453,0.20000000000004547,False,,,,,,,,,
butterfly,2026-09-30 00:00:00,6550.0,6560.0,6565.0,983.2721138745696,973.878308433053,968.9564057122948,-0.14999999999986358,0.20000000000015916,False,,,,,,,,,
butterfly,2026-09-30 00:00:00,6575.0,6585.0,6600.0,959.312600270778,949.9187948292615,935.6030866669864,-0.09000000000014552,0.2400000000000091,False,,,,,,,,,
butterfly,2026-09-30 00:00:00,6600.0,6610.0,6620.0,935.6030866669864,926.4092812254698,916.7154757839531,-0.25,0.10000000000002274,False,,,,,,,,,
butterfly,2026-09-30 00:00:00,6620.0,6625.0,6630.0,916.7154757839531,912.1935730631949,907.4716703424366,-0.10000000000002274,0.25,False,,,,,,,,,
butterfly,2026-09-30 00:00:00,6630.0,6650.0,6660.0,907.4716703424366,888.7340594594033,879.0402540178867,-0.2166666666665833,0.13333333333332575,False,,,,,,,,,
butterfly,2026-09-30 00:00:00,6685.0,6690.0,6695.0,855.6807404140951,851.0088376933369,846.0869349725784,-0.1250000000001137,0.1999999999999318,False,,,,,,,,,
butterfly,2026-09-30 00:00:00,6695.0,6700.0,6715.0,846.0869349725784,841.5650322518202,827.4993240895452,-0.1250000000001137,0.22500000000013642,False,,,,,,,,,
butterfly,2026-09-30 00:00:00,6700.0,6715.0,6725.0,841.5650322518202,827.4993240895452,818.1055186480286,-0.009999999999990905,0.33999999999991815,False,,,,,,,,,
butterfly,2026-09-30 00:00:00,6715.0,6725.0,6730.0,827.4993240895452,818.1055186480286,813.3836159272703,-0.01666666666653782,0.33333333333325754,False,,,,,,,,,
butterfly,2026-09-30 00:00:00,6735.0,6740.0,6745.0,808.761713206512,804.2898104857536,799.5679077649953,-0.125,0.20000000000004547,False,,,,,,,,,
butterfly,2026-09-30 00:00:00,6750.0,6755.0,6775.0,794.896005044237,790.2741023234787,771.6864914404454,-0.01999999999998181,0.2400000000000091,False,,,,,,,,,
butterfly,2026-09-30 00:00:00,6775.0,6780.0,6785.0,771.6864914404454,767.1645887196871,762.2926859989288,-0.17499999999995453,0.20000000000004547,False,,,,,,,,,
butterfly,2026-09-30 00:00:00,6785.0,6795.0,6800.0,762.2926859989288,753.1488805574121,748.4769778366538,-0.06666666666660603,0.3333333333334849,False,,,,,,,,,
butterfly,2026-09-30 00:00:00,6795.0,6800.0,6805.0,753.1488805574121,748.4769778366538,743.5050751158955,-0.14999999999997726,0.25,False,,,,,,,,,
butterfly,2026-09-30 00:00:00,6805.0,6810.0,6815.0,743.5050751158955,739.3831723951372,734.7612696743788,-0.2500000000001137,0.09999999999990905,False,,,,,,,,,
butterfly,2026-09-30 00:00:00,6850.0,6860.0,6870.0,702.5079506290706,693.4141451875539,684.0703397460373,-0.125,0.2500000000001137,False,,,,,,,,,
butterfly,2026-09-30 00:00:00,6860.0,6870.0,6875.0,693.4141451875539,684.0703397460373,679.1984370252791,-0.13333333333332575,0.2666666666667652,False,,,,,,,,,
butterfly,2026-09-30 00:00:00,6875.0,6890.0,6900.0,679.1984370252791,666.082728863004,656.9389234214875,-0.2399999999998954,0.15999999999996817,False,,,,,,,,,
butterfly,2026-09-30 00:00:00,6900.0,6910.0,6925.0,656.9389234214875,648.0451179799708,634.3794098176959,-0.12999999999988177,0.32000000000005,False,,,,,,,,,
butterfly,2026-09-30 00:00:00,6910.0,6925.0,6930.0,648.0451179799708,634.3794098176959,629.7075070969375,-0.08750000000009095,0.3250000000000455,False,,,,,,,,,
butterfly,2026-09-30 00:00:00,6930.0,6940.0,6945.0,629.7075070969375,621.0637016554209,615.9917989346626,-0.5,-0.09999999999990905,True,,,,,,,,,
butterfly,2026-09-30 00:00:00,6945.0,6950.0,6970.0,615.9917989346626,611.9198962139043,594.032285330871,-0.32000000000005,0.07999999999992724,False,,,,,,,,,
butterfly,2026-09-30 00:00:00,7000.0,7005.0,7020.0,567.3008690063211,563.0789662855627,549.7632581232879,-0.16249999999990905,0.20000000000004547,False,,,,,,,,,
butterfly,2026-09-30 00:00:00,7005.0,7020.0,7025.0,563.0789662855627,549.7632581232879,545.2413554025295,-0.0625,0.375,False,,,,,,,,,
butterfly,2026-09-30 00:00:00,7025.0,7030.0,7035.0,545.2413554025295,540.9694526817711,536.5475499610128,-0.07500000000004547,0.35000000000002274,False,,,,,,,,,
butterfly,2026-09-30 00:00:00,7035.0,7040.0,7045.0,536.5475499610128,532.3756472402546,527.5537445194961,-0.32500000000015916,0.049999999999954525,False,,,,,,,,,
butterfly,2026-09-30 00:00:00,7050.0,7055.0,7060.0,523.1818417987379,519.3599390779796,514.7880363572212,-0.375,0.10000000000002274,False,,,,,,,,,
butterfly,2026-09-30 00:00:00,7070.0,7075.0,7090.0,506.09423091570466,502.0723281949463,488.9066200326714,-0.27499999999997726,0.25,False,,,,,,,,,
butterfly,2026-09-30 00:00:00,7090.0,7100.0,7105.0,488.9066200326714,480.31281459115473,475.9909118703964,-0.01666666666665151,0.43333333333339397,False,,,,,,,,,
butterfly,2026-09-30 00:00:00,7100.0,7105.0,7120.0,480.31281459115473,475.9909118703964,462.92520370812144,-0.024999999999977263,0.4250000000000682,False,,,,,,,,,
butterfly,2026-09-30 00:00:00,7120.0,7125.0,7130.0,462.92520370812144,459.1033009873631,454.88139826660483,-0.19999999999998863,0.24999999999994316,False,,,,,,,,,
butterfly,2026-09-30 00:00:00,7130.0,7135.0,7140.0,454.88139826660483,450.8594955458465,446.2875928250882,-0.2750000000000341,0.14999999999997726,False,,,,,,,,,
butterfly,2026-09-30 00:00:00,7150.0,7155.0,7165.0,437.9437873835716,433.77188466281325,425.2780792212966,-0.05000000000001137,0.36666666666667425,False,,,,,,,,,
butterfly,2026-09-30 00:00:00,7175.0,7180.0,7190.0,416.78427377978,413.26237105902163,404.568565617505,-0.5500000000000114,-0.0999999999999659,True,,,,,,,,,
butterfly,2026-09-30 00:00:00,7200.0,7205.0,7210.0,396.47476017598837,392.50285745523007,388.38095473447174,-0.07499999999998863,0.4000000000000341,False,,,,,,,,,
butterfly,2026-09-30 00:00:00,7210.0,7240.0,7250.0,388.38095473447174,364.54953840992187,356.0057329684052,-0.4500000000000455,-0.05000000000001137,True,,,,,,,,,
butterfly,2026-09-30 00:00:00,7265.0,7270.0,7275.0,344.24002480613024,340.3681220853719,336.4462193646136,-0.024999999999977263,0.44999999999998863,False,,,,,,,,,
butterfly,2026-09-30 00:00:00,7335.0,7340.0,7345.0,290.1333867155138,286.56148399475546,282.58958127399717,-0.19999999999998863,0.30000000000001137,False,,,,,,,,,
butterfly,2026-09-30 00:00:00,7345.0,7350.0,7375.0,282.58958127399717,279.06767855323886,260.7081649494473,-0.125,0.4333333333333371,False,,,,,,,,,
butterfly,2026-09-30 00:00:00,7375.0,7380.0,7400.0,260.7081649494473,257.186262228689,242.94865134565566,-0.03000000000002956,0.5199999999999818,False,,,,,,,,,
butterfly,2026-09-30 00:00:00,7415.0,7425.0,7450.0,232.28294318338072,225.4391377418641,208.27962413807248,-0.014285714285733775,0.4857142857142662,False,,,,,,,,,
butterfly,2026-09-30 00:00:00,7450.0,7455.0,7475.0,208.27962413807248,205.25772141731414,192.2201105342809,-0.1899999999999693,0.3599999999999852,False,,,,,,,,,
butterfly,2026-09-30 00:00:00,7475.0,7480.0,7500.0,192.2201105342809,189.69820781352257,176.5105969304893,-0.6200000000000045,-0.060000000000002274,True,,,,,,,,,
butterfly,2026-09-30 00:00:00,7515.0,7525.0,7530.0,167.5,161.65,158.55,-0.11666666666664582,0.4000000000000057,False,,,,,,,,,
butterfly,2026-09-30 00:00:00,7525.0,7530.0,7545.0,161.65,158.55,149.15,-0.025000000000005684,0.4749999999999943,False,,,,,,,,,
butterfly,2026-09-30 00:00:00,7545.0,7550.0,7570.0,149.15,146.5,135.5,-0.07999999999998408,0.4800000000000182,False,,,,,,,,,
butterfly,2026-09-30 00:00:00,7625.0,7630.0,7640.0,107.9,105.65,101.05,-0.03333333333333144,0.5,False,,,,,,,,,
butterfly,2026-09-30 00:00:00,7630.0,7640.0,7645.0,105.65,101.05,98.65,-0.06666666666664867,0.43333333333335133,False,,,,,,,,,
butterfly,2026-09-30 00:00:00,7650.0,7655.0,7660.0,96.35,94.25,91.95,-0.09999999999999432,0.4000000000000057,False,,,,,,,,,
butterfly,2026-09-30 00:00:00,7690.0,7695.0,7700.0,79.65,77.75,75.8,-0.025000000000005684,0.45000000000000284,False,,,,,,,,,
butterfly,2026-09-30 00:00:00,7775.0,7790.0,7800.0,51.05,47.0,44.2,-0.060000000000002274,0.35999999999999943,False,,,,,,,,,
butterfly,2026-09-30 00:00:00,7820.0,7840.0,7850.0,39.65,35.3,33.0,-0.0833333333333286,0.3333333333333357,False,,,,,,,,,
butterfly,2026-09-30 00:00:00,7875.0,7880.0,7890.0,28.5,27.7,26.0,-0.03333333333333144,0.36666666666666714,False,,,,,,,,,
butterfly,2026-09-30 00:00:00,7950.0,7975.0,7985.0,18.0,15.5,14.35,-0.10714285714285765,0.25714285714285623,False,,,,,,,,,
butterfly,2026-09-30 00:00:00,7985.0,7990.0,8000.0,14.35,14.0,13.15,-0.05000000000000071,0.20000000000000107,False,,,,,,,,,
butterfly,2026-09-30 00:00:00,8025.0,8035.0,8050.0,11.35,10.7,9.65,-0.02999999999999936,0.3200000000000003,False,,,,,,,,,
butterfly,2026-09-30 00:00:00,8200.0,8205.0,8225.0,4.15,4.1,3.7,-0.03999999999999915,0.1999999999999993,False,,,,,,,,,
butterfly,2026-09-30 00:00:00,8350.0,8400.0,8430.0,2.125,1.775,1.5499999999999998,-0.009374999999999911,0.15625000000000022,False,,,,,,,,,
butterfly,2026-09-30 00:00:00,8450.0,8460.0,8500.0,1.4500000000000002,1.425,1.225,-0.020000000000000018,0.15000000000000013,False,,,,,,,,,
butterfly,2026-10-16 00:00:00,5375.0,5400.0,5425.0,2139.8274354934892,2115.4704223427298,2090.8634091919707,-0.125,0.20000000000027285,False,,,,,,,,,
butterfly,2026-10-16 00:00:00,5475.0,5500.0,5525.0,2041.8493828904525,2017.442369739693,1992.885356588934,-0.0749999999998181,0.25,False,,,,,,,,,
butterfly,2026-10-16 00:00:00,5625.0,5650.0,5675.0,1895.0573039858973,1870.700290835138,1846.193277684379,-0.07500000000004547,0.2500000000002274,False,,,,,,,,,
butterfly,2026-10-16 00:00:00,5700.0,5725.0,5750.0,1821.7862645336197,1797.4292513828605,1773.0222382321012,-0.02500000000009095,0.3000000000001819,False,,,,,,,,,
butterfly,2026-10-16 00:00:00,5825.0,5850.0,5875.0,1699.9011987798237,1675.8441856290642,1651.2371724783052,-0.2749999999996362,0.049999999999954525,False,,,,,,,,,
butterfly,2026-10-16 00:00:00,5875.0,5900.0,5925.0,1651.2371724783052,1627.180159327546,1602.6731461767868,-0.22500000000013642,0.049999999999954525,False,,,,,,,,,
butterfly,2026-10-16 00:00:00,5975.0,6000.0,6025.0,1554.1091198752686,1530.2021067245091,1505.59509357375,-0.34999999999990905,0.0,False,,,,,,,,,
butterfly,2026-10-16 00:00:00,6025.0,6050.0,6075.0,1505.59509357375,1481.7880804229908,1457.3310672722316,-0.3249999999998181,-2.2737367544323206e-13,False,,,,,,,,,
butterfly,2026-10-16 00:00:00,6075.0,6100.0,6125.0,1457.3310672722316,1433.3740541214725,1409.0170409707132,-0.20000000000004547,0.09999999999990905,False,,,,,,,,,
butterfly,2026-10-16 00:00:00,6140.0,6175.0,6180.0,1394.5628330802576,1360.9530146691948,1356.0516120390428,-0.08750000000009095,0.2624999999998181,False,,,,,,,,,
butterfly,2026-10-16 00:00:00,6210.0,6220.0,6225.0,1327.193196258132,1317.6903909978282,1312.8389883676764,-0.06666666666660603,0.33333333333325754,False,,,,,,,,,
butterfly,2026-10-16 00:00:00,6240.0,6250.0,6260.0,1298.3347804772209,1289.2319752169171,1279.2291699566135,-0.4500000000000455,-0.09999999999990905,True,,,,,,,,,
butterfly,2026-10-16 00:00:00,6260.0,6275.0,6280.0,1279.2291699566135,1264.8749620661579,1260.023559436006,-0.049999999999954525,0.32500000000027285,False,,,,,,,,,
butterfly,2026-10-16 00:00:00,6280.0,6300.0,6325.0,1260.023559436006,1241.0179489153988,1217.0109357646397,-0.11111111111108585,0.26666666666642413,False,,,,,,,,,
butterfly,2026-10-16 00:00:00,6330.0,6340.0,6350.0,1212.3095331344878,1202.906727874184,1193.3039226138803,-0.09999999999990905,0.34999999999990905,False,,,,,,,,,
butterfly,2026-10-16 00:00:00,6390.0,6400.0,6420.0,1155.2427015726657,1146.2398963123621,1126.8342857917546,-0.46666666666692436,-0.06666666666660603,True,,,,,,,,,
butterfly,2026-10-16 00:00:00,6420.0,6425.0,6430.0,1126.8342857917546,1122.1328831616026,1117.281480531451,-0.0749999999998181,0.3500000000001364,False,,,,,,,,,
butterfly,2026-10-16 00:00:00,6430.0,6440.0,6450.0,1117.281480531451,1107.9286752711473,1098.3258700108436,-0.125,0.25,False,,,,,,,,,
butterfly,2026-10-16 00:00:00,6460.0,6470.0,6475.0,1088.87306475054,1079.5702594902361,1074.5688568600845,-0.23333333333312112,0.20000000000027285,False,,,,,,,,,
butterfly,2026-10-16 00:00:00,6490.0,6500.0,6510.0,1060.5646489696287,1051.311843709325,1041.6590384490214,-0.20000000000004547,0.20000000000004547,False,,,,,,,,,
butterfly,2026-10-16 00:00:00,6530.0,6560.0,6570.0,1022.9534279284142,994.9950121475031,985.4922068871994,-0.13750000000004547,0.25,False,,,,,,,,,
butterfly,2026-10-16 00:00:00,6570.0,6600.0,6610.0,985.4922068871994,957.4337911062884,947.9809858459847,-0.07500000000004547,0.35000000000002274,False,,,,,,,,,
butterfly,2026-10-16 00:00:00,6625.0,6640.0,6650.0,934.1767779555291,920.5225700650736,910.96976480477,-0.2699999999999818,0.15999999999996817,False,,,,,,,,,
butterfly,2026-10-16 00:00:00,6660.0,6670.0,6700.0,901.6669595444662,892.6641542841626,865.4557385032516,-0.05000000000006821,0.4500000000000455,False,,,,,,,,,
butterfly,2026-10-16 00:00:00,6670.0,6700.0,6720.0,892.6641542841626,865.4557385032516,846.3501279826442,-0.5800000000000409,-0.13999999999998636,True,,,,,,,,,
butterfly,2026-10-16 00:00:00,6720.0,6730.0,6760.0,846.3501279826442,837.3473227223404,809.8889069414294,-0.11249999999995453,0.3000000000000682,False,,,,,,,,,
butterfly,2026-10-16 00:00:00,6775.0,6800.0,6820.0,796.334699050974,774.2776859002147,755.4220753796073,-0.6722222222222172,-0.2444444444444116,True,,,,,,,,,
butterfly,2026-10-16 00:00:00,6825.0,6850.0,6870.0,750.9206727494555,728.7136595986963,710.358049078089,-0.32777777777766914,0.12222222222237633,False,,,,,,,,,
butterfly,2026-10-16 00:00:00,6870.0,6875.0,6880.0,710.358049078089,706.0066464479371,701.5052438177853,-0.07499999999993179,0.4500000000000455,False,,,,,,,,,
butterfly,2026-10-16 00:00:00,6875.0,6880.0,6890.0,706.0066464479371,701.5052438177853,692.3524385574816,-0.05000000000006821,0.4999999999998863,False,,,,,,,,,
butterfly,2026-10-16 00:00:00,6890.0,6900.0,6910.0,692.3524385574816,683.899633297178,674.8968280368742,-0.27499999999997726,0.2999999999999545,False,,,,,,,,,
butterfly,2026-10-16 00:00:00,6920.0,6930.0,6950.0,665.9940227765705,657.3412175162669,639.8856069956596,-0.049999999999954525,0.5666666666667197,False,,,,,,,,,
butterfly,2026-10-16 00:00:00,6930.0,6950.0,6970.0,657.3412175162669,639.8856069956596,621.9799964750522,-0.22500000000013642,0.2999999999999545,False,,,,,,,,,
butterfly,2026-10-16 00:00:00,6970.0,6975.0,6980.0,621.9799964750522,618.3285938449003,613.1771912147485,-0.75,-0.2500000000001137,True,,,,,,,,,
butterfly,2026-10-16 00:00:00,6980.0,7000.0,7020.0,613.1771912147485,596.6715806941411,578.4659701735337,-0.849999999999909,-0.34999999999990905,True,,,,,,,,,
butterfly,2026-10-16 00:00:00,7020.0,7025.0,7030.0,578.4659701735337,574.3145675433819,570.0131649132301,-0.07500000000004547,0.6499999999999773,False,,,,,,,,,
butterfly,2026-10-16 00:00:00,7040.0,7050.0,7060.0,561.4103596529263,553.6575543926226,544.254749132319,-0.8249999999999318,-0.3000000000000682,True,,,,,,,,,
butterfly,2026-10-16 00:00:00,7070.0,7075.0,7080.0,535.7019438720154,532.3005412418635,527.2991386117117,-0.7999999999999545,-0.35000000000002274,True,,,,,,,,,
butterfly,2026-10-16 00:00:00,7090.0,7100.0,7110.0,518.9963333514079,511.3435280911043,502.14072283080066,-0.7750000000000341,-0.25000000000005684,True,,,,,,,,,
butterfly,2026-10-16 00:00:00,7125.0,7130.0,7140.0,489.1865149403451,485.58511231019327,477.1823070498896,-0.4000000000000341,0.2666666666666515,False,,,,,,,,,
butterfly,2026-10-16 00:00:00,7140.0,7150.0,7160.0,477.1823070498896,468.9295017895859,460.6266965292822,-0.025000000000034106,0.5999999999999659,False,,,,,,,,,
butterfly,2026-10-16 00:00:00,7190.0,7200.0,7220.0,436.5682807483712,429.1154754880675,412.20986496746013,-0.6666666666666288,-0.0999999999999659,True,,,,,,,,,
butterfly,2026-10-16 00:00:00,7220.0,7230.0,7235.0,412.20986496746013,404.30705970715644,400.2056570770046,-0.09999999999990905,0.5666666666667197,False,,,,,,,,,
butterfly,2026-10-16 00:00:00,7245.0,7250.0,7260.0,392.4528518167009,389.7014491865491,380.7486439262454,-1.150000000000034,-0.533333333333303,True,,,,,,,,,
butterfly,2026-10-16 00:00:00,7260.0,7275.0,7295.0,380.7486439262454,369.94443603578986,353.5388255151825,-0.8571428571428328,-0.2714285714285438,True,,,,,,,,,
butterfly,2026-10-16 00:00:00,7300.0,7305.0,7310.0,349.7374228850307,346.1360202548789,342.234617624727,-0.1500000000000341,0.49999999999994316,False,,,,,,,,,
butterfly,2026-10-16 00:00:00,7330.0,7340.0,7345.0,327.17900710411965,319.97620184381594,316.1747992136641,-0.13333333333332575,0.6000000000000227,False,,,,,,,,,
butterfly,2026-10-16 00:00:00,7345.0,7350.0,7370.0,316.1747992136641,312.8733965835123,297.86778606290494,-0.3600000000000705,0.37999999999999545,False,,,,,,,,,
butterfly,2026-10-16 00:00:00,7390.0,7400.0,7415.0,283.56217554229755,278.0093702819938,266.15516239153834,-1.4099999999999682,-0.8399999999999181,True,,,,,,,,,
butterfly,2026-10-16 00:00:00,7425.0,7440.0,7450.0,259.30235713123466,249.99814924077916,243.24534398047547,-0.3300000000000125,0.15999999999996817,False,,,,,,,,,
butterfly,2026-10-16 00:00:00,7450.0,7475.0,7500.0,243.24534398047547,227.33833082971626,209.88131767895703,-0.7750000000000057,-0.25,True,,,,,,,,,
butterfly,2026-10-16 00:00:00,7510.0,7525.0,7535.0,203.7285124186534,195.72430452819785,189.05,-0.8028995607364777,-0.16289956073649137,True,,,,,,,,,
butterfly,2026-10-16 00:00:00,7535.0,7540.0,7550.0,189.05,186.3,180.4,-0.13333333333332575,0.700000000000017,False,,,,,,,,,
butterfly,2026-10-16 00:00:00,7575.0,7580.0,7590.0,166.15,163.35,157.7,-0.01666666666665151,0.6999999999999886,False,,,,,,,,,
butterfly,2026-10-16 00:00:00,7600.0,7610.0,7620.0,152.3,147.15,141.35,-0.32500000000001705,0.39999999999997726,False,,,,,,,,,
butterfly,2026-10-16 00:00:00,7620.0,7650.0,7675.0,141.35,127.7,116.15,-0.09545454545455812,0.4000000000000057,False,,,,,,,,,
butterfly,2026-10-16 00:00:00,7675.0,7700.0,7710.0,116.15,105.1,100.0,-0.48571428571428044,0.07142857142858361,False,,,,,,,,,
butterfly,2026-10-16 00:00:00,7790.0,7800.0,7825.0,70.55000000000001,67.5,59.85,-0.007142857142852677,0.6428571428571388,False,,,,,,,,,
butterfly,2026-10-16 00:00:00,7825.0,7830.0,7850.0,59.85,58.85,53.25,-0.3200000000000003,0.35999999999999943,False,,,,,,,,,
butterfly,2026-10-16 00:00:00,7860.0,7870.0,7890.0,50.6,48.35,43.5,-0.11666666666666714,0.6333333333333329,False,,,,,,,,,
butterfly,2026-10-16 00:00:00,8040.0,8050.0,8075.0,19.65,18.7,16.25,-0.02142857142857224,0.42857142857142705,False,,,,,,,,,
butterfly,2026-10-16 00:00:00,8400.0,8425.0,8450.0,3.25,2.975,2.675,-0.012500000000000178,0.24999999999999956,False,,,,,,,,,
butterfly,2026-10-16 00:00:00,8475.0,8500.0,8575.0,2.45,2.325,1.75,-0.04999999999999982,0.125,False,,,,,,,,,
butterfly,2026-10-30 00:00:00,5300.0,5400.0,5500.0,2226.843557819434,2129.1955122554787,2031.497466691523,-0.02500000000009095,0.1999999999998181,False,,,,,,,,,
butterfly,2026-10-30 00:00:00,5500.0,5600.0,5650.0,2031.497466691523,1934.0994211275677,1885.3753983455902,-0.01666666666665151,0.3333333333334849,False,,,,,,,,,
butterfly,2026-10-30 00:00:00,5650.0,5700.0,5750.0,1885.3753983455902,1836.9513755636124,1788.3773527816345,-0.07500000000004547,0.2999999999999545,False,,,,,,,,,
butterfly,2026-10-30 00:00:00,5700.0,5750.0,5800.0,1836.9513755636124,1788.3773527816345,1739.753329999657,-0.024999999999863576,0.34999999999990905,False,,,,,,,,,
butterfly,2026-10-30 00:00:00,5800.0,5850.0,5875.0,1739.753329999657,1691.4793072176792,1667.2422958266902,-0.06666666666660603,0.2333333333333485,False,,,,,,,,,
butterfly,2026-10-30 00:00:00,5950.0,5975.0,6000.0,1594.7312616537235,1570.844250262735,1546.557238871746,-0.20000000000027285,0.14999999999986358,False,,,,,,,,,
butterfly,2026-10-30 00:00:00,6075.0,6100.0,6250.0,1474.4962046987794,1450.6591933077905,1307.5871249618574,-0.007142857142753201,0.40000000000009095,False,,,,,,,,,
butterfly,2026-10-30 00:00:00,6650.0,6675.0,6700.0,933.5449427060356,910.8579313150468,887.9209199240579,-0.1250000000001137,0.35000000000002274,False,,,,,,,,,
butterfly,2026-10-30 00:00:00,6700.0,6725.0,6750.0,887.9209199240579,865.433908533069,842.8968971420802,-0.024999999999977263,0.3999999999998636,False,,,,,,,,,
butterfly,2026-10-30 00:00:00,6750.0,6775.0,6800.0,842.8968971420802,820.5098857510914,797.8728743601024,-0.125,0.34999999999990905,False,,,,,,,,,
butterfly,2026-10-30 00:00:00,6800.0,6825.0,6850.0,797.8728743601024,775.7358629691136,753.1988515781247,-0.1999999999999318,0.3000000000000682,False,,,,,,,,,
butterfly,2026-10-30 00:00:00,6850.0,6880.0,6900.0,753.1988515781247,727.0144379089381,709.1248287961471,-0.2599999999999909,0.2400000000000091,False,,,,,,,,,
butterfly,2026-10-30 00:00:00,6900.0,6910.0,6925.0,709.1248287961471,700.5300242397515,687.2378174051582,-0.15999999999996817,0.32000000000005,False,,,,,,,,,
butterfly,2026-10-30 00:00:00,6925.0,6930.0,6940.0,687.2378174051582,683.0404151269604,674.495610570565,-0.049999999999954525,0.40000000000009095,False,,,,,,,,,
butterfly,2026-10-30 00:00:00,6930.0,6940.0,6960.0,683.0404151269604,674.495610570565,657.1060014577738,-0.10000000000002274,0.36666666666667425,False,,,,,,,,,
butterfly,2026-10-30 00:00:00,6960.0,6975.0,7000.0,657.1060014577738,644.2137946231804,622.4267832321916,-0.11249999999995453,0.39999999999997726,False,,,,,,,,,
butterfly,2026-10-30 00:00:00,7000.0,7020.0,7050.0,622.4267832321916,605.5871741194005,580.3027604502139,-0.009999999999990905,0.4600000000000364,False,,,,,,,,,
butterfly,2026-10-30 00:00:00,7020.0,7050.0,7070.0,605.5871741194005,580.3027604502139,563.4131513374227,-0.020000000000095497,0.4799999999999045,False,,,,,,,,,
butterfly,2026-10-30 00:00:00,7070.0,7075.0,7080.0,563.4131513374227,559.465749059225,555.1183467810273,-0.1999999999999318,0.3000000000000682,False,,,,,,,,,
butterfly,2026-10-30 00:00:00,7110.0,7140.0,7150.0,529.8339331118407,505.54951944265406,497.3547148862584,-0.07500000000010232,0.4249999999998977,False,,,,,,,,,
butterfly,2026-10-30 00:00:00,7190.0,7200.0,7210.0,465.1254966606763,457.18069210428075,449.1358875478852,-0.05000000000001137,0.5,False,,,,,,,,,
butterfly,2026-10-30 00:00:00,7210.0,7225.0,7250.0,449.1358875478852,437.3436807132919,417.60666932230305,-0.03125,0.5,False,,,,,,,,,
butterfly,2026-10-30 00:00:00,7250.0,7260.0,7300.0,417.60666932230305,410.11186476590746,379.2826465403253,-0.16999999999995907,0.34000000000003183,False,,,,,,,,,
butterfly,2026-10-30 00:00:00,7300.0,7325.0,7350.0,379.2826465403253,360.8956351493365,342.40862375834763,-0.05000000000006821,0.5999999999999659,False,,,,,,,,,
butterfly,2026-10-30 00:00:00,7350.0,7370.0,7375.0,342.40862375834763,327.91901464555656,324.27161236735867,-0.020000000000095497,0.5800000000000409,False,,,,,,,,,
butterfly,2026-10-30 00:00:00,7400.0,7425.0,7450.0,306.53460097636986,289.847589585381,272.16057819439214,-0.5,0.1500000000000341,False,,,,,,,,,
butterfly,2026-10-30 00:00:00,7510.0,7520.0,7575.0,233.5917508560189,227.79694629962333,194.65,-0.19623403683809215,0.4114582708541832,False,,,,,,,,,
butterfly,2026-10-30 00:00:00,7690.0,7700.0,7725.0,134.25,130.3,118.9,-0.4357142857143117,0.12857142857143344,False,,,,,,,,,
butterfly,2026-11-20 00:00:00,5275.0,5300.0,5325.0,2253.327677639509,2229.159002408678,2204.8903271778468,-0.0500000000001819,0.25,False,,,,,,,,,
butterfly,2026-11-20 00:00:00,5325.0,5350.0,5375.0,2204.8903271778468,2180.771651947016,2156.5029767161845,-0.07500000000027285,0.3000000000001819,False,,,,,,,,,
butterfly,2026-11-20 00:00:00,5375.0,5425.0,5450.0,2156.5029767161845,2108.3656262545223,2084.146951023691,-0.09999999999990905,0.2666666666668789,False,,,,,,,,,
butterfly,2026-11-20 00:00:00,5575.0,5600.0,5625.0,1963.7035748695362,1939.9348996387052,1915.6162244078744,-0.27500000000009095,0.09999999999990905,False,,,,,,,,,
butterfly,2026-11-20 00:00:00,5625.0,5675.0,5700.0,1915.6162244078744,1867.628873946212,1843.5601987153811,-0.04999999999972715,0.43333333333362134,False,,,,,,,,,
butterfly,2026-11-20 00:00:00,5725.0,5750.0,5775.0,1819.5915234845502,1795.922848253719,1771.754173022888,-0.24999999999977263,0.15000000000009095,False,,,,,,,,,
butterfly,2026-11-20 00:00:00,5825.0,5850.0,5875.0,1724.0168225612258,1700.2481473303949,1676.3294720995636,-0.07500000000004547,0.3999999999998636,False,,,,,,,,,
butterfly,2026-11-20 00:00:00,6000.0,6025.0,6075.0,1557.5860959454087,1533.9674207145774,1486.6800702529154,-0.01666666666665151,0.43333333333339397,False,,,,,,,,,
butterfly,2026-11-20 00:00:00,6150.0,6175.0,6225.0,1416.0740445604222,1392.7553693295913,1345.7680188679292,-0.11666666666678793,0.33333333333325754,False,,,,,,,,,
butterfly,2026-11-20 00:00:00,6225.0,6275.0,6300.0,1345.7680188679292,1299.1806684062672,1275.7619931754361,-0.08333333333325754,0.43333333333339397,False,,,,,,,,,
butterfly,2026-11-20 00:00:00,6300.0,6325.0,6375.0,1275.7619931754361,1252.743317944605,1206.555967482943,-0.049999999999954525,0.5,False,,,,,,,,,
butterfly,2026-11-20 00:00:00,6325.0,6375.0,6400.0,1252.743317944605,1206.555967482943,1183.1872922521118,-0.18333333333362134,0.4000000000003183,False,,,,,,,,,
butterfly,2026-11-20 00:00:00,6400.0,6425.0,6475.0,1183.1872922521118,1160.5686170212807,1115.2812665596189,-0.01666666666665151,0.6000000000001364,False,,,,,,,,,
butterfly,2026-11-20 00:00:00,6425.0,6475.0,6500.0,1160.5686170212807,1115.2812665596189,1091.5625913287877,-0.716666666666697,-0.2333333333333485,True,,,,,,,,,
butterfly,2026-11-20 00:00:00,6500.0,6525.0,6550.0,1091.5625913287877,1069.0939160979567,1046.3752408671255,-0.12500000000022737,0.5,False,,,,,,,,,
butterfly,2026-11-20 00:00:00,6525.0,6550.0,6575.0,1069.0939160979567,1046.3752408671255,1023.4065656362945,-0.12499999999977263,0.5,False,,,,,,,,,
butterfly,2026-11-20 00:00:00,6575.0,6600.0,6625.0,1023.4065656362945,1001.6878904054635,978.5692151746325,-0.6999999999999318,-0.14999999999997726,True,,,,,,,,,
butterfly,2026-11-20 00:00:00,6625.0,6650.0,6660.0,978.5692151746325,956.8005399438014,947.1230698514689,-0.6928571428570649,-0.15714285714295784,True,,,,,,,,,
butterfly,2026-11-20 00:00:00,6675.0,6680.0,6690.0,933.6318647129704,929.2681296668042,920.0906595744717,-0.14999999999997726,0.5,False,,,,,,,,,
butterfly,2026-11-20 00:00:00,6700.0,6725.0,6740.0,911.1631894821393,890.0945142513083,875.9533091128096,-0.9375,-0.33750000000009095,True,,,,,,,,,
butterfly,2026-11-20 00:00:00,6740.0,6770.0,6775.0,875.9533091128096,849.6708988358123,845.0071637896463,-0.24285714285701943,0.5142857142858475,False,,,,,,,,,
butterfly,2026-11-20 00:00:00,6775.0,6800.0,6810.0,845.0071637896463,824.2884885588151,814.4110184664827,-1.1357142857142435,-0.585714285714289,True,,,,,,,,,
butterfly,2026-11-20 00:00:00,6820.0,6825.0,6850.0,805.6335483741502,801.5198133279841,779.6511380971531,-0.21666666666669698,0.5833333333332575,False,,,,,,,,,
butterfly,2026-11-20 00:00:00,6850.0,6860.0,6870.0,779.6511380971531,771.2736680048206,762.3461979124882,-0.27499999999997726,0.5500000000000682,False,,,,,,,,,
butterfly,2026-11-20 00:00:00,6890.0,6900.0,6910.0,745.0412577278233,737.6137876354909,727.6863175431586,-1.2499999999998863,-0.650000000000091,True,,,,,,,,,
butterfly,2026-11-20 00:00:00,6920.0,6950.0,6970.0,719.1588474508261,694.1264371738289,676.721496989164,-0.43000000000006366,0.4199999999999591,False,,,,,,,,,
butterfly,2026-11-20 00:00:00,6970.0,6975.0,6980.0,676.721496989164,673.0577619429978,668.2940268968316,-0.5499999999999545,0.3000000000000682,False,,,,,,,,,
butterfly,2026-11-20 00:00:00,6980.0,6990.0,7000.0,668.2940268968316,660.1665568044992,651.5390867121669,-0.25,0.5,False,,,,,,,,,
butterfly,2026-11-20 00:00:00,7000.0,7010.0,7030.0,651.5390867121669,643.3616166198344,626.8066764351695,-0.06666666666660603,0.6000000000000227,False,,,,,,,,,
butterfly,2026-11-20 00:00:00,7010.0,7030.0,7040.0,643.3616166198344,626.8066764351695,618.379206342837,-0.09999999999990905,0.6000000000000227,False,,,,,,,,,
butterfly,2026-11-20 00:00:00,7090.0,7100.0,7110.0,577.091855881175,570.4143857888425,561.0869156965102,-1.3249999999999318,-0.75,True,,,,,,,,,
butterfly,2026-11-20 00:00:00,7110.0,7120.0,7125.0,561.0869156965102,553.2594456041777,549.0457105580115,-0.1999999999999318,0.6000000000000227,False,,,,,,,,,
butterfly,2026-11-20 00:00:00,7125.0,7140.0,7150.0,549.0457105580115,537.204505419513,529.2770353271806,-0.020000000000095497,0.8400000000001455,False,,,,,,,,,
butterfly,2026-11-20 00:00:00,7140.0,7150.0,7160.0,537.204505419513,529.2770353271806,520.7995652348482,-0.27499999999997726,0.5499999999999545,False,,,,,,,,,
butterfly,2026-11-20 00:00:00,7160.0,7175.0,7200.0,520.7995652348482,510.2583600963495,489.58968486551845,-1.1625000000000227,-0.5249999999999773,True,,,,,,,,,
butterfly,2026-11-20 00:00:00,7275.0,7280.0,7300.0,432.33365917302535,428.9199241268591,413.6649839421943,-0.31999999999993634,0.5,False,,,,,,,,,
butterfly,2026-11-20 00:00:00,7300.0,7350.0,7360.0,413.6649839421943,377.17763348053217,369.65016338819976,-0.19166666666660603,0.5333333333333599,False,,,,,,,,,
butterfly,2026-11-20 00:00:00,7360.0,7380.0,7400.0,369.65016338819976,356.1952232035349,341.74028301887006,-0.5,0.19999999999998863,False,,,,,,,,,
butterfly,2026-11-20 00:00:00,7460.0,7475.0,7490.0,301.2254624648756,291.5842573263769,281.6930521878783,-0.125,0.6500000000000341,False,,,,,,,,,
butterfly,2026-11-20 00:00:00,7490.0,7500.0,7540.0,281.6930521878783,276.4155820955459,250.65570172621622,-0.9300000000000068,-0.37999999999999545,True,,,,,,,,,
butterfly,2026-11-20 00:00:00,7540.0,7575.0,7600.0,250.65570172621622,231.3,215.95,-0.8892909474099326,-0.20179094740990422,True,,,,,,,,,
butterfly,2026-11-20 00:00:00,7660.0,7675.0,7700.0,183.55,176.8,163.8,-0.65625,-0.025000000000005684,True,,,,,,,,,
butterfly,2026-11-20 00:00:00,7925.0,7950.0,7960.0,77.1,70.65,67.69999999999999,-0.2642857142857338,0.48571428571428044,False,,,,,,,,,
butterfly,2026-11-20 00:00:00,8425.0,8450.0,8475.0,9.75,9.0,7.949999999999999,-0.15000000000000036,0.15000000000000036,False,,,,,,,,,
butterfly,2026-11-20 00:00:00,8550.0,8575.0,8600.0,5.9,5.4,4.85,-0.025000000000000355,0.34999999999999964,False,,,,,,,,,
butterfly,2026-11-30 00:00:00,6775.0,6800.0,6825.0,873.9777166477472,852.1932428450175,830.2587690422878,-0.07500000000004547,0.40000000000009095,False,,,,,,,,,
butterfly,2026-11-30 00:00:00,7450.0,7500.0,7510.0,335.0469239740449,303.0279763685855,295.9041868474936,-0.6000000000000227,0.049999999999954525,False,,,,,,,,,
butterfly,2026-11-30 00:00:00,7500.0,7510.0,7600.0,303.0279763685855,295.9041868474936,229.45,-0.23400811576664182,0.4159918842333923,False,,,,,,,,,
butterfly,2026-12-18 00:00:00,5375.0,5425.0,5450.0,2183.1602822285436,2135.2070396028075,2111.1804182899396,-0.03333333333330302,0.40000000000009095,False,,,,,,,,,
butterfly,2026-12-18 00:00:00,5475.0,5500.0,5525.0,2087.1537969770716,2063.3271756642034,2039.3005543513354,-0.09999999999990905,0.29999999999972715,False,,,,,,,,,
butterfly,2026-12-18 00:00:00,5525.0,5550.0,5575.0,2039.3005543513354,2015.4239330384673,1991.4473117255995,-0.049999999999954525,0.4500000000000455,False,,,,,,,,,
butterfly,2026-12-18 00:00:00,5575.0,5625.0,5675.0,1991.4473117255995,1943.7940690998635,1896.0908264741274,-0.02500000000009095,0.4500000000000455,False,,,,,,,,,
butterfly,2026-12-18 00:00:00,5700.0,5725.0,5775.0,1872.2642051612593,1848.5375838483915,1801.0343412226553,-0.016666666666878882,0.4333333333331666,False,,,,,,,,,
butterfly,2026-12-18 00:00:00,5925.0,5950.0,5975.0,1659.3246133454472,1635.8979920325794,1612.3713707197112,-0.0500000000001819,0.3999999999998636,False,,,,,,,,,
butterfly,2026-12-18 00:00:00,6075.0,6100.0,6125.0,1518.8148854682393,1495.988264155371,1472.0616428425033,-0.5499999999999545,-0.09999999999990905,True,,,,,,,,,
butterfly,2026-12-18 00:00:00,6125.0,6150.0,6175.0,1472.0616428425033,1448.8850215296352,1425.6584002167672,-0.02500000000009095,0.5,False,,,,,,,,,
butterfly,2026-12-18 00:00:00,6175.0,6200.0,6225.0,1425.6584002167672,1402.6317789038992,1379.5051575910313,-0.049999999999954525,0.4500000000000455,False,,,,,,,,,
butterfly,2026-12-18 00:00:00,6225.0,6250.0,6275.0,1379.5051575910313,1356.7285362781631,1333.6019149652952,-0.17499999999972715,0.2500000000002274,False,,,,,,,,,
butterfly,2026-12-18 00:00:00,6325.0,6350.0,6375.0,1287.4486723395592,1265.022051026691,1241.7454297138231,-0.4249999999999545,0.1999999999998181,False,,,,,,,,,
butterfly,2026-12-18 00:00:00,6375.0,6400.0,6425.0,1241.7454297138231,1219.368808400955,1196.792187088087,-0.09999999999990905,0.5000000000002274,False,,,,,,,,,
butterfly,2026-12-18 00:00:00,6400.0,6425.0,6450.0,1219.368808400955,1196.792187088087,1174.165565775219,-0.02500000000009095,0.599999999999909,False,,,,,,,,,
butterfly,2026-12-18 00:00:00,6425.0,6450.0,6475.0,1196.792187088087,1174.165565775219,1151.338944462351,-0.09999999999990905,0.5500000000001819,False,,,,,,,,,
butterfly,2026-12-18 00:00:00,6475.0,6575.0,6600.0,1151.338944462351,1061.832459210879,1039.255837898011,-0.16000000000008185,0.44000000000005457,False,,,,,,,,,
butterfly,2026-12-18 00:00:00,6600.0,6625.0,6650.0,1039.255837898011,1017.629216585143,995.802595272275,-0.10000000000013642,0.5,False,,,,,,,,,
butterfly,2026-12-18 00:00:00,6625.0,6650.0,6675.0,1017.629216585143,995.802595272275,973.375973959407,-0.2999999999999545,0.25,False,,,,,,,,,
butterfly,2026-12-18 00:00:00,6700.0,6750.0,6800.0,951.2993526465389,907.9961100208029,864.4928673950669,-0.10000000000002274,0.5499999999999545,False,,,,,,,,,
butterfly,2026-12-18 00:00:00,6850.0,6875.0,6925.0,821.8396247693308,800.8130034564629,758.209760830727,-0.18333333333339397,0.36666666666667425,False,,,,,,,,,
butterfly,2026-12-18 00:00:00,6925.0,6930.0,6950.0,758.209760830727,754.0444365681533,737.1331395178588,-0.049999999999954525,0.6999999999999318,False,,,,,,,,,
butterfly,2026-12-18 00:00:00,7125.0,7150.0,7175.0,594.9967903277827,575.7701690149148,556.0435477020468,-0.2500000000001137,0.2500000000001137,False,,,,,,,,,
butterfly,2026-12-18 00:00:00,7600.0,7625.0,7650.0,261.3,247.0,232.5,-0.09999999999999432,0.9000000000000057,False,,,,,,,,,
butterfly,2026-12-18 00:00:00,7725.0,7750.0,7800.0,194.0,182.45,159.1,-0.08333333333334281,0.6666666666666856,False,,,,,,,,,
butterfly,2026-12-18 00:00:00,7800.0,7825.0,7850.0,159.1,149.60000000000002,139.35,-0.3750000000000284,0.29999999999998295,False,,,,,,,,,
butterfly,2026-12-18 00:00:00,7825.0,7850.0,7875.0,149.60000000000002,139.35,128.9,-0.09999999999999432,0.5000000000000284,False,,,,,,,,,
butterfly,2026-12-18 00:00:00,7925.0,7950.0,8000.0,110.85,103.25,87.80000000000001,-0.08333333333334281,0.6333333333333258,False,,,,,,,,,
butterfly,2026-12-18 00:00:00,8275.0,8300.0,8325.0,34.2,31.4,28.5,-0.04999999999999716,0.5,False,,,,,,,,,
butterfly,2026-12-18 00:00:00,8350.0,8375.0,8400.0,25.9,23.8,21.55,-0.07499999999999929,0.3999999999999986,False,,,,,,,,,
butterfly,2026-12-31 00:00:00,5475.0,5500.0,5550.0,2095.547356593253,2071.803771754894,2024.2166020781763,-0.03333333333330302,0.43333333333339397,False,,,,,,,,,
butterfly,2026-12-31 00:00:00,5720.0,5750.0,5800.0,1863.1102251773355,1834.8679233713049,1787.7307536945868,-0.02500000000009095,0.4249999999999545,False,,,,,,,,,
butterfly,2026-12-31 00:00:00,5800.0,5810.0,5820.0,1787.7307536945868,1792.2833197592433,1768.9358858238995,-13.950000000000045,-13.500000000000227,True,,,,,,,,,
butterfly,2026-12-31 00:00:00,5820.0,5830.0,5850.0,1768.9358858238995,1759.5884518885562,1740.7935840178689,-0.03333333333353039,0.4333333333331666,False,,,,,,,,,
butterfly,2026-12-31 00:00:00,5900.0,5910.0,5950.0,1694.006414341151,1699.5589804058077,1647.1692446644333,-14.9200000000003,-14.480000000000246,True,,,,,,,,,
butterfly,2026-12-31 00:00:00,6000.0,6050.0,6090.0,1600.3820749877154,1554.1949053109975,1516.9551695696232,-0.16111111111104037,0.2666666666666515,False,,,,,,,,,
butterfly,2026-12-31 00:00:00,6125.0,6135.0,6190.0,1484.8141507959206,1475.666716860577,1424.6808302161874,-0.1038461538462343,0.3538461538462343,False,,,,,,,,,
butterfly,2026-12-31 00:00:00,6190.0,6200.0,6225.0,1424.6808302161874,1415.7833962808438,1392.789811442485,-0.21428571428555188,0.2857142857144481,False,,,,,,,,,
butterfly,2026-12-31 00:00:00,6200.0,6225.0,6250.0,1415.7833962808438,1392.789811442485,1369.696226604126,-0.049999999999954525,0.4500000000000455,False,,,,,,,,,
butterfly,2026-12-31 00:00:00,6380.0,6400.0,6425.0,1252.0295854446592,1234.0347175739723,1211.1911327356133,-0.15555555555579303,0.36666666666656056,False,,,,,,,,,
butterfly,2026-12-31 00:00:00,6425.0,6450.0,6475.0,1211.1911327356133,1189.0475478972544,1166.7539630588956,-0.0749999999998181,0.45000000000027285,False,,,,,,,,,
butterfly,2026-12-31 00:00:00,6450.0,6475.0,6490.0,1189.0475478972544,1166.7539630588956,1153.25781215588,-0.07500000000027285,0.42499999999972715,False,,,,,,,,,
butterfly,2026-12-31 00:00:00,6475.0,6490.0,6500.0,1166.7539630588956,1153.25781215588,1144.0603782205364,-0.11999999999989086,0.38000000000010914,False,,,,,,,,,
butterfly,2026-12-31 00:00:00,6500.0,6520.0,6530.0,1144.0603782205364,1126.5655103498493,1117.5680764145056,-0.16666666666674246,0.3333333333334849,False,,,,,,,,,
butterfly,2026-12-31 00:00:00,6530.0,6540.0,6545.0,1117.5680764145056,1108.8206424791622,1104.3219255114905,-0.08333333333325754,0.5,False,,,,,,,,,
butterfly,2026-12-31 00:00:00,6545.0,6550.0,6560.0,1104.3219255114905,1100.0732085438185,1090.775774608475,-0.26666666666642413,0.2666666666668789,False,,,,,,,,,
butterfly,2026-12-31 00:00:00,6560.0,6565.0,6570.0,1090.775774608475,1086.6270576408033,1081.8283406731314,-0.3250000000000455,0.24999999999977263,False,,,,,,,,,
butterfly,2026-12-31 00:00:00,6570.0,6600.0,6610.0,1081.8283406731314,1055.7860388671008,1046.938604931757,-0.12500000000022737,0.4249999999999545,False,,,,,,,,,
butterfly,2026-12-31 00:00:00,6610.0,6620.0,6635.0,1046.938604931757,1038.2411709964135,1025.0450200933983,-0.05999999999994543,0.540000000000191,False,,,,,,,,,
butterfly,2026-12-31 00:00:00,6635.0,6650.0,6660.0,1025.0450200933983,1012.0988691903829,1003.2514352550393,-0.12999999999999545,0.42000000000007276,False,,,,,,,,,
butterfly,2026-12-31 00:00:00,6660.0,6695.0,6700.0,1003.2514352550393,972.9104164813368,968.361699513665,-0.1875,0.3624999999999545,False,,,,,,,,,
butterfly,2026-12-31 00:00:00,6745.0,6750.0,6770.0,929.5232468046189,925.3745298369471,908.0296619662599,-0.14999999999997726,0.40000000000009095,False,,,,,,,,,
butterfly,2026-12-31 00:00:00,6770.0,6800.0,6825.0,908.0296619662599,882.3873601602293,860.9937753218702,-0.013636363636464921,0.5636363636363058,False,,,,,,,,,
butterfly,2026-12-31 00:00:00,6900.0,6905.0,6925.0,797.7130208067935,793.8143038391216,777.0194359684344,-0.2400000000000091,0.360000000000241,False,,,,,,,,,
butterfly,2026-12-31 00:00:00,6905.0,6925.0,6935.0,793.8143038391216,777.0194359684344,768.5220020330909,-0.06666666666660603,0.533333333333303,False,,,,,,,,,
butterfly,2026-12-31 00:00:00,6960.0,6975.0,6980.0,748.028417194732,735.9322662917166,731.4835493240448,-0.3125,0.32500000000015916,False,,,,,,,,,
butterfly,2026-12-31 00:00:00,6980.0,6985.0,6995.0,731.4835493240448,727.434832356373,719.2373984210294,-0.03333333333330302,0.6000000000001364,False,,,,,,,,,
butterfly,2026-12-31 00:00:00,6985.0,6995.0,7000.0,727.434832356373,719.2373984210294,714.8386814533577,-0.1999999999999318,0.40000000000009095,False,,,,,,,,,
butterfly,2026-12-31 00:00:00,7000.0,7025.0,7050.0,714.8386814533577,695.0450966149988,674.6015117766398,-0.3250000000000455,0.3000000000000682,False,,,,,,,,,
butterfly,2026-12-31 00:00:00,7075.0,7080.0,7090.0,654.5079269382809,650.559209970609,642.5117760352655,-0.049999999999954525,0.6000000000000227,False,,,,,,,,,
butterfly,2026-12-31 00:00:00,7350.0,7355.0,7375.0,445.4784937163325,441.9797767486607,427.88490887797354,-0.020000000000038654,0.67999999999995,False,,,,,,,,,
butterfly,2026-12-31 00:00:00,7440.0,7445.0,7450.0,383.10158829824024,379.80287133056845,376.1041543628967,-0.19999999999998863,0.5000000000000568,False,,,,,,,,,
butterfly,2026-12-31 00:00:00,7520.0,7525.0,7530.0,331.2221168154917,328.2233998478199,324.524682880148,-0.35000000000002274,0.3499999999999659,False,,,,,,,,,
butterfly,2026-12-31 00:00:00,7530.0,7550.0,7560.0,324.524682880148,312.22981500946094,306.0323810741174,-0.03333333333330302,0.6666666666666856,False,,,,,,,,,
butterfly,2026-12-31 00:00:00,7560.0,7590.0,7600.0,306.0323810741174,288.85,282.20000000000005,-0.691904731470629,0.04559526852938234,False,,,,,,,,,
butterfly,2026-12-31 00:00:00,7640.0,7650.0,7680.0,259.15,254.05,237.65,-0.2750000000000341,0.42500000000001137,False,,,,,,,,,
butterfly,2026-12-31 00:00:00,7700.0,7710.0,7730.0,227.0,221.9,211.35,-0.11666666666670267,0.6666666666666856,False,,,,,,,,,
butterfly,2026-12-31 00:00:00,7730.0,7740.0,7750.0,211.35,206.6,201.75,-0.04999999999998295,0.799999999999983,False,,,,,,,,,
butterfly,2026-12-31 00:00:00,7750.0,7770.0,7780.0,201.75,192.2,187.3,-0.08333333333331439,0.6999999999999886,False,,,,,,,,,
butterfly,2026-12-31 00:00:00,7780.0,7800.0,7810.0,187.3,178.3,173.6,-0.13333333333332575,0.5666666666666629,False,,,,,,,,,
butterfly,2026-12-31 00:00:00,7810.0,7820.0,7825.0,173.6,169.35,167.05,-0.11666666666664582,0.6000000000000227,False,,,,,,,,,
butterfly,2026-12-31 00:00:00,7825.0,7840.0,7850.0,167.05,160.75,156.45,-0.060000000000002274,0.6400000000000148,False,,,,,,,,,
butterfly,2026-12-31 00:00:00,7980.0,7985.0,7990.0,108.7,107.3,105.6,-0.14999999999999147,0.45000000000000284,False,,,,,,,,,
butterfly,2026-12-31 00:00:00,7990.0,7995.0,8000.0,105.6,104.3,102.75,-0.125,0.5,False,,,,,,,,,
butterfly,2026-12-31 00:00:00,7995.0,8000.0,8005.0,104.3,102.75,100.9,-0.15000000000000568,0.5,False,,,,,,,,,
butterfly,2026-12-31 00:00:00,8005.0,8010.0,8020.0,100.9,99.65,96.4,-0.25,0.4000000000000199,False,,,,,,,,,
butterfly,2026-12-31 00:00:00,8020.0,8025.0,8030.0,96.4,95.4,93.85,-0.2750000000000057,0.3500000000000085,False,,,,,,,,,
butterfly,2026-12-31 00:00:00,8040.0,8050.0,8060.0,91.05000000000001,88.4,85.7,-0.025000000000005684,0.6000000000000085,False,,,,,,,,,
butterfly,2026-12-31 00:00:00,8050.0,8060.0,8070.0,88.4,85.7,82.95,-0.024999999999991473,0.6500000000000057,False,,,,,,,,,
butterfly,2026-12-31 00:00:00,8070.0,8075.0,8080.0,82.95,81.8,80.5,-0.07500000000000284,0.5999999999999943,False,,,,,,,,,
butterfly,2026-12-31 00:00:00,8100.0,8110.0,8120.0,75.7,73.4,70.95,-0.07500000000000284,0.5,False,,,,,,,,,
butterfly,2026-12-31 00:00:00,8120.0,8130.0,8140.0,70.95,69.2,66.7,-0.375,0.19999999999998863,False,,,,,,,,,
butterfly,2026-12-31 00:00:00,8180.0,8190.0,8200.0,58.75,56.900000000000006,54.900000000000006,-0.07500000000000284,0.5,False,,,,,,,,,
butterfly,2027-01-15 00:00:00,5250.0,5275.0,5300.0,2326.3772518202863,2302.5883350141953,2278.699418208105,-0.04999999999972715,0.5000000000004547,False,,,,,,,,,
butterfly,2027-01-15 00:00:00,5300.0,5325.0,5350.0,2278.699418208105,2254.910501402014,2231.0715845959235,-0.024999999999636202,0.5,False,,,,,,,,,
butterfly,2027-01-15 00:00:00,5350.0,5375.0,5400.0,2231.0715845959235,2207.3326677898326,2183.543750983742,-0.02500000000009095,0.5000000000004547,False,,,,,,,,,
butterfly,2027-01-15 00:00:00,5425.0,5450.0,5475.0,2159.754834177651,2136.11591737156,2112.3770005654696,-0.04999999999972715,0.34999999999990905,False,,,,,,,,,
butterfly,2027-01-15 00:00:00,5475.0,5500.0,5525.0,2112.3770005654696,2088.7380837593787,2064.9991669532883,-0.04999999999972715,0.5,False,,,,,,,,,
butterfly,2027-01-15 00:00:00,5550.0,5575.0,5600.0,2041.3602501471971,2017.8213333411065,1994.1824165350158,-0.049999999999954525,0.5499999999999545,False,,,,,,,,,
butterfly,2027-01-15 00:00:00,5675.0,5700.0,5725.0,1923.4656661167437,1900.0267493106528,1876.487832504562,-0.049999999999954525,0.5500000000001819,False,,,,,,,,,
butterfly,2027-01-15 00:00:00,5725.0,5750.0,5775.0,1876.487832504562,1853.2489156984714,1829.7099988923806,-0.15000000000009095,0.4499999999998181,False,,,,,,,,,
butterfly,2027-01-15 00:00:00,5800.0,5825.0,5850.0,1806.2710820862899,1783.032165280199,1759.4932484741084,-0.14999999999986358,0.4500000000000455,False,,,,,,,,,
butterfly,2027-01-15 00:00:00,5875.0,5900.0,5925.0,1736.2543316680176,1713.065414861927,1689.6764980558362,-0.09999999999990905,0.40000000000009095,False,,,,,,,,,
butterfly,2027-01-15 00:00:00,5975.0,6000.0,6025.0,1643.2986644436546,1620.359747637564,1597.270830831473,-0.07500000000027285,0.4999999999997726,False,,,,,,,,,
butterfly,2027-01-15 00:00:00,6000.0,6025.0,6050.0,1620.359747637564,1597.270830831473,1574.0319140253823,-0.0749999999998181,0.5000000000002274,False,,,,,,,,,
butterfly,2027-01-15 00:00:00,6050.0,6075.0,6100.0,1574.0319140253823,1551.0429972192917,1528.0040804132009,-0.02500000000009095,0.599999999999909,False,,,,,,,,,
butterfly,2027-01-15 00:00:00,6100.0,6125.0,6150.0,1528.0040804132009,1505.21516360711,1482.2762468010194,-0.07500000000004547,0.4500000000000455,False,,,,,,,,,
butterfly,2027-01-15 00:00:00,6150.0,6175.0,6200.0,1482.2762468010194,1459.7373299949286,1436.798413188838,-0.1999999999998181,0.4500000000000455,False,,,,,,,,,
butterfly,2027-01-15 00:00:00,6200.0,6225.0,6250.0,1436.798413188838,1413.9594963827471,1391.0705795766562,-0.02500000000009095,0.5499999999999545,False,,,,,,,,,
butterfly,2027-01-15 00:00:00,6250.0,6275.0,6300.0,1391.0705795766562,1368.6816627705657,1346.242745964475,-0.02500000000009095,0.650000000000091,False,,,,,,,,,
butterfly,2027-01-15 00:00:00,6275.0,6300.0,6325.0,1368.6816627705657,1346.242745964475,1323.6538291583843,-0.07500000000004547,0.650000000000091,False,,,,,,,,,
butterfly,2027-01-15 00:00:00,6300.0,6325.0,6350.0,1346.242745964475,1323.6538291583843,1300.7649123522933,-0.15000000000009095,0.599999999999909,False,,,,,,,,,
butterfly,2027-01-15 00:00:00,6350.0,6375.0,6400.0,1300.7649123522933,1278.7759955462027,1256.187078740112,-0.2999999999999545,0.4500000000000455,False,,,,,,,,,
butterfly,2027-01-15 00:00:00,6400.0,6425.0,6450.0,1256.187078740112,1233.948161934021,1211.5592451279304,-0.07500000000004547,0.6000000000001364,False,,,,,,,,,
butterfly,2027-01-15 00:00:00,6525.0,6550.0,6575.0,1145.2924947096583,1123.4035779035676,1100.9646610974767,-0.27500000000009095,0.6499999999998636,False,,,,,,,,,
butterfly,2027-01-15 00:00:00,6600.0,6625.0,6650.0,1079.225744291386,1057.7368274852952,1035.5479106792045,-0.34999999999990905,0.5000000000002274,False,,,,,,,,,
butterfly,2027-01-15 00:00:00,6650.0,6675.0,6700.0,1035.5479106792045,1014.1089938731137,992.3200770670229,-0.1750000000000682,0.6000000000000227,False,,,,,,,,,
butterfly,2027-01-15 00:00:00,6750.0,6775.0,6800.0,949.4922434548414,928.7033266487508,907.56440984266,-0.1750000000001819,0.8000000000000682,False,,,,,,,,,
butterfly,2027-01-15 00:00:00,6775.0,6800.0,6825.0,928.7033266487508,907.56440984266,886.1754930365692,-0.125,0.8000000000000682,False,,,,,,,,,
butterfly,2027-01-15 00:00:00,6925.0,6950.0,6975.0,802.4698258122063,782.5309090061155,762.0419922000247,-0.27500000000009095,0.5500000000000682,False,,,,,,,,,
butterfly,2027-01-15 00:00:00,7050.0,7075.0,7100.0,701.3752417817525,681.5863249756618,661.2974081695711,-0.25,0.599999999999909,False,,,,,,,,,
butterfly,2027-01-15 00:00:00,7125.0,7150.0,7175.0,641.5084913634803,622.4195745573895,602.9806577512988,-0.17499999999995453,0.5,False,,,,,,,,,
butterfly,2027-01-15 00:00:00,7200.0,7225.0,7250.0,583.8417409452081,565.2528241391173,546.0639073330266,-0.29999999999984084,0.5500000000000682,False,,,,,,,,,
butterfly,2027-01-15 00:00:00,7250.0,7275.0,7300.0,546.0639073330266,528.0249905269359,509.33607372084504,-0.3250000000000455,0.5,False,,,,,,,,,
butterfly,2027-01-15 00:00:00,7350.0,7375.0,7400.0,473.15824010866356,455.9193233025728,438.08040649648206,-0.30000000000001137,0.6499999999999773,False,,,,,,,,,
butterfly,2027-01-15 00:00:00,7475.0,7500.0,7525.0,387.0636560782099,371.3247392721191,354.9858224660283,-0.30000000000001137,0.6999999999999886,False,,,,,,,,,
butterfly,2027-01-15 00:00:00,7550.0,7575.0,7600.0,338.6469056599376,323.8579888538468,308.5690720477561,-0.24999999999994316,0.8000000000000114,False,,,,,,,,,
butterfly,2027-01-15 00:00:00,7600.0,7625.0,7650.0,308.5690720477561,294.5,279.9,-0.26546397612196415,0.8345360238780586,False,,,,,,,,,
butterfly,2027-01-15 00:00:00,8025.0,8050.0,8075.0,113.69999999999999,106.15,98.45,-0.07500000000001705,0.7000000000000028,False,,,,,,,,,
butterfly,2027-01-15 00:00:00,8075.0,8100.0,8125.0,98.45,92.1,85.6,-0.07499999999998863,0.75,False,,,,,,,,,
butterfly,2027-01-15 00:00:00,8225.0,8250.0,8275.0,63.599999999999994,59.0,54.2,-0.10000000000000142,0.6999999999999957,False,,,,,,,,,
butterfly,2027-02-19 00:00:00,5250.0,5275.0,5300.0,2376.150634813368,2352.348562030445,2328.4464892475216,-0.0500000000001819,0.5500000000001819,False,,,,,,,,,
butterfly,2027-02-19 00:00:00,5500.0,5550.0,5600.0,2138.529906984136,2091.4257614182898,2044.0216158524431,-0.1500000000005457,0.4499999999998181,False,,,,,,,,,
butterfly,2027-02-19 00:00:00,5750.0,5800.0,5850.0,1903.2591791549037,1856.6550335890572,1809.9508880232108,-0.049999999999954525,0.4500000000000455,False,,,,,,,,,
butterfly,2027-02-19 00:00:00,5850.0,5875.0,5900.0,1809.9508880232108,1786.8988152402878,1763.7467424573645,-0.0500000000001819,0.5,False,,,,,,,,,
butterfly,2027-02-19 00:00:00,5875.0,5900.0,5950.0,1786.8988152402878,1763.7467424573645,1717.392596891518,-0.01666666666665151,0.5333333333335304,False,,,,,,,,,
butterfly,2027-02-19 00:00:00,5950.0,5975.0,6000.0,1717.392596891518,1694.3405241085948,1671.1884513256716,-0.049999999999954525,0.5,False,,,,,,,,,
butterfly,2027-02-19 00:00:00,6050.0,6075.0,6100.0,1625.3343057598252,1602.432232976902,1579.4301601939785,-0.0500000000001819,0.5,False,,,,,,,,,
butterfly,2027-02-19 00:00:00,6100.0,6125.0,6150.0,1579.4301601939785,1556.9780874110554,1534.2260146281321,-0.15000000000009095,0.5,False,,,,,,,,,
butterfly,2027-02-19 00:00:00,6150.0,6175.0,6200.0,1534.2260146281321,1511.523941845209,1488.571869062286,-0.125,0.5499999999999545,False,,,,,,,,,
butterfly,2027-02-19 00:00:00,6225.0,6250.0,6275.0,1466.0197962793627,1443.5177234964394,1420.865650713516,-0.07500000000004547,0.599999999999909,False,,,,,,,,,
butterfly,2027-02-19 00:00:00,6300.0,6325.0,6350.0,1398.3135779305928,1376.1615051476697,1353.8594323647465,-0.07500000000004547,0.8000000000001819,False,,,,,,,,,
butterfly,2027-02-19 00:00:00,6325.0,6350.0,6375.0,1376.1615051476697,1353.8594323647465,1331.5073595818233,-0.024999999999863576,0.849999999999909,False,,,,,,,,,
butterfly,2027-02-19 00:00:00,6350.0,6375.0,6400.0,1353.8594323647465,1331.5073595818233,1309.1052867989001,-0.024999999999863576,0.8000000000001819,False,,,,,,,,,
butterfly,2027-02-19 00:00:00,6400.0,6425.0,6450.0,1309.1052867989001,1287.153214015977,1264.7011412330535,-0.2500000000002274,0.5,False,,,,,,,,,
butterfly,2027-02-19 00:00:00,6550.0,6575.0,6600.0,1176.8928501013609,1155.3407773184376,1133.1887045355143,-0.3000000000001819,0.75,False,,,,,,,,,
butterfly,2027-02-19 00:00:00,6600.0,6625.0,6650.0,1133.1887045355143,1111.836631752591,1090.4345589696677,-0.02500000000009095,0.9499999999998181,False,,,,,,,,,
butterfly,2027-02-19 00:00:00,6625.0,6650.0,6675.0,1111.836631752591,1090.4345589696677,1068.8324861867445,-0.09999999999990905,0.900000000000091,False,,,,,,,,,
butterfly,2027-02-19 00:00:00,6650.0,6675.0,6700.0,1090.4345589696677,1068.8324861867445,1047.1304134038214,-0.049999999999954525,0.900000000000091,False,,,,,,,,,
butterfly,2027-02-19 00:00:00,6775.0,6800.0,6825.0,983.7241950550517,962.9721222721286,941.8700494892053,-0.1750000000000682,0.9500000000000455,False,,,,,,,,,
butterfly,2027-02-19 00:00:00,6900.0,6925.0,6950.0,879.5138311404355,859.2117583575124,838.2096855745892,-0.35000000000002274,0.7000000000000455,False,,,,,,,,,
butterfly,2027-02-19 00:00:00,6950.0,6975.0,7000.0,838.2096855745892,818.207612791666,797.8055400087427,-0.20000000000004547,0.599999999999909,False,,,,,,,,,
butterfly,2027-02-19 00:00:00,7025.0,7050.0,7075.0,777.9034672258196,758.3013944428964,738.4493216599731,-0.1250000000001137,0.9499999999999318,False,,,,,,,,,
butterfly,2027-02-19 00:00:00,7050.0,7075.0,7100.0,758.3013944428964,738.4493216599731,718.3472488770499,-0.125,0.8999999999999773,False,,,,,,,,,
butterfly,2027-02-19 00:00:00,7150.0,7175.0,7200.0,679.4931033112034,660.2910305282802,640.788957745357,-0.14999999999997726,0.75,False,,,,,,,,,
butterfly,2027-02-19 00:00:00,7200.0,7225.0,7250.0,640.788957745357,622.1868849624337,603.4848121795105,-0.049999999999954525,0.75,False,,,,,,,,,
butterfly,2027-02-19 00:00:00,7275.0,7300.0,7350.0,584.9327393965873,566.7806666136642,529.9265210478177,-0.18333333333339397,0.966666666666697,False,,,,,,,,,
butterfly,2027-02-19 00:00:00,7375.0,7400.0,7425.0,512.1744482648944,495.02237548197127,477.57030269904794,-0.15000000000009095,0.8999999999999773,False,,,,,,,,,
butterfly,2027-02-19 00:00:00,7425.0,7450.0,7475.0,477.57030269904794,460.86822991612473,443.5661571332016,-0.2999999999999545,0.8000000000000114,False,,,,,,,,,
butterfly,2027-02-19 00:00:00,7550.0,7575.0,7600.0,394.6099387844319,378.8578660015087,363.0057932185855,-0.049999999999954525,0.9500000000000455,False,,,,,,,,,
butterfly,2027-02-19 00:00:00,7625.0,7650.0,7675.0,347.95372043566226,333.29999999999995,318.3,-0.17313978216884607,1.0268602178311426,False,,,,,,,,,
butterfly,2027-02-19 00:00:00,7675.0,7700.0,7725.0,318.3,304.85,290.55,-0.42500000000001137,0.8499999999999659,False,,,,,,,,,
butterfly,2027-02-19 00:00:00,7725.0,7750.0,7775.0,290.55,277.75,264.75,-0.10000000000002274,1.25,False,,,,,,,,,
butterfly,2027-02-19 00:00:00,7775.0,7800.0,7825.0,264.75,252.65,239.89999999999998,-0.32500000000001705,1.0,False,,,,,,,,,
butterfly,2027-02-19 00:00:00,7925.0,7950.0,7975.0,194.35000000000002,184.05,173.7,-0.025000000000005684,1.1000000000000227,False,,,,,,,,,
butterfly,2027-02-19 00:00:00,8025.0,8050.0,8075.0,155.05,146.45,137.64999999999998,-0.09999999999999432,0.8000000000000114,False,,,,,,,,,
butterfly,2027-02-19 00:00:00,8075.0,8100.0,8125.0,137.64999999999998,129.85000000000002,121.75,-0.1500000000000341,0.799999999999983,False,,,,,,,,,
butterfly,2027-02-19 00:00:00,8125.0,8150.0,8175.0,121.75,114.65,107.19999999999999,-0.17500000000001137,0.8499999999999943,False,,,,,,,,,
butterfly,2027-02-19 00:00:00,8250.0,8275.0,8300.0,88.65,83.30000000000001,77.65,-0.15000000000000568,0.6999999999999886,False,,,,,,,,,
butterfly,2027-02-19 00:00:00,8300.0,8325.0,8350.0,77.65,72.8,67.6,-0.17499999999999716,0.7999999999999972,False,,,,,,,,,
butterfly,2027-03-19 00:00:00,5250.0,5275.0,5300.0,2373.2557880484,2349.9596117059814,2326.4634353635624,-0.09999999999990905,0.3500000000003638,False,,,,,,,,,
butterfly,2027-03-19 00:00:00,5300.0,5325.0,5350.0,2326.4634353635624,2303.1672590211438,2279.721082678725,-0.0749999999998181,0.34999999999990905,False,,,,,,,,,
butterfly,2027-03-19 00:00:00,5400.0,5425.0,5450.0,2233.1287299938876,2209.9325536514693,2186.6863773090504,-0.02500000000009095,0.4499999999998181,False,,,,,,,,,
butterfly,2027-03-19 00:00:00,5425.0,5450.0,5475.0,2209.9325536514693,2186.6863773090504,2163.3902009666317,-0.02500000000009095,0.40000000000009095,False,,,,,,,,,
butterfly,2027-03-19 00:00:00,5550.0,5575.0,5600.0,2093.8016719393763,2070.7554955969576,2047.509319254539,-0.09999999999990905,0.40000000000009095,False,,,,,,,,,
butterfly,2027-03-19 00:00:00,5625.0,5650.0,5675.0,2024.5131429121202,2001.5669665697017,1978.3707902272831,-0.125,0.3500000000001364,False,,,,,,,,,
butterfly,2027-03-19 00:00:00,5675.0,5700.0,5725.0,1978.3707902272831,1955.5246138848645,1932.5284375424458,-0.07500000000004547,0.34999999999990905,False,,,,,,,,,
butterfly,2027-03-19 00:00:00,5750.0,5775.0,5800.0,1909.632261200027,1886.7360848576086,1863.7899085151898,-0.02500000000009095,0.3999999999998636,False,,,,,,,,,
butterfly,2027-03-19 00:00:00,5800.0,5825.0,5850.0,1863.7899085151898,1841.3437321727713,1818.2475558303527,-0.3250000000000455,0.1999999999998181,False,,,,,,,,,
butterfly,2027-03-19 00:00:00,5875.0,5900.0,5925.0,1795.6513794879338,1773.1052031455154,1750.3590268030969,-0.10000000000013642,0.34999999999990905,False,,,,,,,,,
butterfly,2027-03-19 00:00:00,5950.0,5975.0,6000.0,1727.662850460678,1705.1166741182594,1682.4204977758409,-0.07500000000004547,0.40000000000009095,False,,,,,,,,,
butterfly,2027-03-19 00:00:00,6000.0,6025.0,6050.0,1682.4204977758409,1660.0743214334223,1637.5281450910036,-0.10000000000013642,0.34999999999990905,False,,,,,,,,,
butterfly,2027-03-19 00:00:00,6050.0,6075.0,6100.0,1637.5281450910036,1615.231968748585,1592.7857924061664,-0.07500000000004547,0.3999999999998636,False,,,,,,,,,
butterfly,2027-03-19 00:00:00,6100.0,6125.0,6150.0,1592.7857924061664,1570.5396160637479,1548.143439721329,-0.07500000000027285,0.3999999999996362,False,,,,,,,,,
butterfly,2027-03-19 00:00:00,6150.0,6175.0,6200.0,1548.143439721329,1526.1472633789106,1504.101087036492,-0.02500000000009095,0.5499999999999545,False,,,,,,,,,
butterfly,2027-03-19 00:00:00,6175.0,6200.0,6225.0,1526.1472633789106,1504.101087036492,1481.8549106940732,-0.10000000000013642,0.5499999999999545,False,,,,,,,,,
butterfly,2027-03-19 00:00:00,6300.0,6325.0,6350.0,1415.8163816668173,1394.0202053243986,1372.02402898198,-0.09999999999990905,0.5500000000001819,False,,,,,,,,,
butterfly,2027-03-19 00:00:00,6350.0,6375.0,6400.0,1372.02402898198,1350.6278526395615,1328.3816762971428,-0.4249999999999545,0.40000000000009095,False,,,,,,,,,
butterfly,2027-03-19 00:00:00,6400.0,6425.0,6450.0,1328.3816762971428,1307.2354999547242,1285.6393236123056,-0.22499999999990905,0.75,False,,,,,,,,,
butterfly,2027-03-19 00:00:00,6425.0,6450.0,6475.0,1307.2354999547242,1285.6393236123056,1263.943147269887,-0.049999999999954525,0.900000000000091,False,,,,,,,,,
butterfly,2027-03-19 00:00:00,6525.0,6550.0,6575.0,1221.1007945850497,1200.004618242631,1178.7584419002123,-0.07500000000004547,0.7999999999999545,False,,,,,,,,,
butterfly,2027-03-19 00:00:00,6575.0,6600.0,6625.0,1178.7584419002123,1157.6122655577938,1136.316089215375,-0.07500000000004547,0.8500000000001364,False,,,,,,,,,
butterfly,2027-03-19 00:00:00,6650.0,6675.0,6700.0,1115.3199128729566,1094.773736530538,1073.7775601881194,-0.22499999999990905,0.7000000000000455,False,,,,,,,,,
butterfly,2027-03-19 00:00:00,6675.0,6700.0,6725.0,1094.773736530538,1073.7775601881194,1052.6313838457008,-0.07500000000004547,0.8999999999998636,False,,,,,,,,,
butterfly,2027-03-19 00:00:00,6725.0,6750.0,6775.0,1052.6313838457008,1032.235207503282,1011.3890311608634,-0.22499999999990905,0.650000000000091,False,,,,,,,,,
butterfly,2027-03-19 00:00:00,6775.0,6800.0,6825.0,1011.3890311608634,990.9928548184448,970.4966784760261,-0.05000000000006821,0.7499999999998863,False,,,,,,,,,
butterfly,2027-03-19 00:00:00,6825.0,6850.0,6875.0,970.4966784760261,950.8005021336076,930.654325791189,-0.22500000000002274,0.7000000000000455,False,,,,,,,,,
butterfly,2027-03-19 00:00:00,6850.0,6875.0,6900.0,950.8005021336076,930.654325791189,910.1081494487703,-0.20000000000004547,0.7000000000000455,False,,,,,,,,,
butterfly,2027-03-19 00:00:00,6900.0,6925.0,6950.0,910.1081494487703,890.2119731063517,870.1157967639331,-0.10000000000002274,0.7000000000000455,False,,,,,,,,,
butterfly,2027-03-19 00:00:00,6975.0,7000.0,7025.0,850.3696204215145,830.9734440790958,811.3772677366771,-0.09999999999990905,0.6000000000001364,False,,,,,,,,,
butterfly,2027-03-19 00:00:00,7000.0,7025.0,7050.0,830.9734440790958,811.3772677366771,791.6810913942586,-0.049999999999954525,0.6499999999998636,False,,,,,,,,,
butterfly,2027-03-19 00:00:00,7075.0,7100.0,7125.0,772.68491505184,753.8387387094212,734.5425623670027,-0.22499999999990905,0.650000000000091,False,,,,,,,,,
butterfly,2027-03-19 00:00:00,7125.0,7150.0,7175.0,734.5425623670027,716.0463860245841,696.7502096821654,-0.40000000000009095,0.5,False,,,,,,,,,
butterfly,2027-03-19 00:00:00,7200.0,7225.0,7250.0,677.8040333397468,659.7078569973281,641.4116806549096,-0.10000000000002274,0.7999999999999545,False,,,,,,,,,
butterfly,2027-03-19 00:00:00,7250.0,7275.0,7300.0,641.4116806549096,623.665504312491,605.4693279700723,-0.22500000000002274,0.8500000000000227,False,,,,,,,,,
butterfly,2027-03-19 00:00:00,7300.0,7325.0,7350.0,605.4693279700723,587.9231516276536,569.8769752852351,-0.25,0.7999999999999545,False,,,,,,,,,
butterfly,2027-03-19 00:00:00,7450.0,7475.0,7500.0,501.6922699155605,485.3960935731419,468.69991723072326,-0.20000000000004547,0.8999999999999773,False,,,,,,,,,
butterfly,2027-03-19 00:00:00,7525.0,7550.0,7575.0,452.6037408883046,436.857564545886,420.7613882034674,-0.17500000000001137,0.8000000000000682,False,,,,,,,,,
butterfly,2027-03-19 00:00:00,7575.0,7600.0,7625.0,420.7613882034674,406.0152118610487,390.16903551863015,-0.5499999999999545,0.5,False,,,,,,,,,
butterfly,2027-03-19 00:00:00,7625.0,7650.0,7675.0,390.16903551863015,375.65,361.05,-0.040482240684923454,1.009517759315031,False,,,,,,,,,
butterfly,2027-03-19 00:00:00,7725.0,7750.0,7775.0,332.79999999999995,319.05,305.05,-0.12500000000005684,1.0,False,,,,,,,,,
butterfly,2027-03-19 00:00:00,7800.0,7825.0,7850.0,291.9,279.70000000000005,267.25,-0.12500000000005684,1.0,False,,,,,,,,,
butterfly,2027-03-19 00:00:00,7825.0,7850.0,7875.0,279.70000000000005,267.25,254.55,-0.125,1.0500000000000114,False,,,,,,,,,
butterfly,2027-03-19 00:00:00,7875.0,7900.0,7925.0,254.55,243.3,231.9,-0.07499999999998863,1.049999999999983,False,,,,,,,,,
butterfly,2027-03-19 00:00:00,8225.0,8250.0,8275.0,122.69999999999999,115.94999999999999,109.15,-0.024999999999991473,0.75,False,,,,,,,,,
butterfly,2027-03-19 00:00:00,8425.0,8450.0,8475.0,75.9,71.69999999999999,67.1,-0.19999999999998863,0.6000000000000085,False,,,,,,,,,
butterfly,2027-03-19 00:00:00,8550.0,8575.0,8600.0,55.400000000000006,52.0,48.5,-0.04999999999999716,0.5499999999999972,False,,,,,,,,,
butterfly,2027-03-31 00:00:00,5550.0,5575.0,5600.0,2132.5569346816546,2109.3980595697776,2085.8891844579002,-0.1750000000001819,0.3000000000001819,False,,,,,,,,,
butterfly,2027-03-31 00:00:00,5900.0,5950.0,5960.0,1808.3826831153744,1762.6149328916204,1753.2713828468693,-0.1583333333335304,0.4333333333331666,False,,,,,,,,,
butterfly,2027-03-31 00:00:00,5960.0,6000.0,6050.0,1753.2713828468693,1717.097182667866,1671.4794324441116,-0.17777777777791925,0.4222222222219898,False,,,,,,,,,
butterfly,2027-03-31 00:00:00,6390.0,6400.0,6405.0,1367.848730922582,1359.4051808778313,1355.0334058554558,-0.09999999999990905,0.566666666666606,False,,,,,,,,,
butterfly,2027-03-31 00:00:00,6525.0,6550.0,6600.0,1250.6608053184455,1229.2519302065684,1185.9341799828142,-0.16666666666674246,0.533333333333303,False,,,,,,,,,
butterfly,2027-03-31 00:00:00,6600.0,6650.0,6700.0,1185.9341799828142,1144.1164297590599,1101.4986795353054,-0.40000000000009095,0.2999999999999545,False,,,,,,,,,
butterfly,2027-03-31 00:00:00,6700.0,6780.0,6875.0,1101.4986795353054,1059.1502791772984,956.7865537521652,-23.805714285714203,-22.98285714285703,True,,,,,,,,,
butterfly,2027-03-31 00:00:00,6900.0,6935.0,7000.0,936.3776786402882,936.3252534836602,856.2921781927795,-27.977499999999964,-26.694999999999936,True,,,,,,,,,
butterfly,2027-03-31 00:00:00,7050.0,7100.0,7150.0,816.8744279690252,778.2566777452708,739.4889275215165,-0.07499999999993179,0.650000000000091,False,,,,,,,,,
butterfly,2027-03-31 00:00:00,7350.0,7400.0,7450.0,591.5179266264993,556.750176402745,521.6324261789907,-0.17499999999995453,0.7000000000000455,False,,,,,,,,,
butterfly,2027-03-31 00:00:00,7900.0,7910.0,7920.0,258.45,327.15,248.95,-73.44999999999999,-72.35000000000002,True,,,,,,,,,
butterfly,2027-03-31 00:00:00,8000.0,8025.0,8050.0,213.3,203.5,193.5,-0.09999999999999432,0.8000000000000114,False,,,,,,,,,
butterfly,2027-04-16 00:00:00,5350.0,5400.0,5475.0,2303.601514924226,2257.584672284856,2188.259408325801,-0.11999999999989086,0.6400000000003274,False,,,,,,,,,
butterfly,2027-04-16 00:00:00,5650.0,5700.0,5725.0,2027.900459088006,1982.633616448636,1959.825195128951,-0.11666666666656056,0.6666666666665151,False,,,,,,,,,
butterfly,2027-04-16 00:00:00,5775.0,5800.0,5825.0,1914.5583524895812,1892.0999311698963,1869.191509850211,-0.22500000000013642,0.599999999999909,False,,,,,,,,,
butterfly,2027-04-16 00:00:00,5825.0,5850.0,5900.0,1869.191509850211,1847.083088530526,1801.8662458911563,-0.33333333333325754,0.466666666666697,False,,,,,,,,,
butterfly,2027-04-16 00:00:00,5950.0,6000.0,6100.0,1756.8994032517862,1712.6325606124162,1623.5988753336765,-0.16666666666674246,0.6999999999995907,False,,,,,,,,,
butterfly,2027-04-16 00:00:00,6100.0,6150.0,6200.0,1623.5988753336765,1579.8320326943062,1535.9151900549364,-0.0749999999998181,0.75,False,,,,,,,,,
butterfly,2027-04-16 00:00:00,6200.0,6250.0,6275.0,1535.9151900549364,1492.5983474155664,1470.7399260958814,-0.13333333333321207,0.8666666666667879,False,,,,,,,,,
butterfly,2027-04-16 00:00:00,6300.0,6325.0,6350.0,1448.9315047761966,1427.5730834565113,1405.8146621368264,-0.1999999999998181,0.7500000000002274,False,,,,,,,,,
butterfly,2027-04-16 00:00:00,6400.0,6425.0,6450.0,1362.9478194974565,1341.6893981777714,1320.2809768580864,-0.07500000000004547,0.9500000000000455,False,,,,,,,,,
butterfly,2027-04-16 00:00:00,6450.0,6475.0,6500.0,1320.2809768580864,1299.2725555384015,1277.9141342187163,-0.1750000000001819,0.8999999999998636,False,,,,,,,,,
butterfly,2027-04-16 00:00:00,6500.0,6525.0,6550.0,1277.9141342187163,1257.0057128990313,1235.9472915793465,-0.07500000000004547,1.150000000000091,False,,,,,,,,,
butterfly,2027-04-16 00:00:00,6600.0,6625.0,6650.0,1194.0804489399763,1173.3720276202914,1152.4136063006065,-0.125,1.0499999999999545,False,,,,,,,,,
butterfly,2027-04-16 00:00:00,6650.0,6675.0,6700.0,1152.4136063006065,1132.0551849809215,1111.3467636612365,-0.17499999999995453,0.9500000000000455,False,,,,,,,,,
butterfly,2027-04-16 00:00:00,6725.0,6750.0,6775.0,1091.0883423415514,1070.9299210218667,1049.9214997021816,-0.4250000000001819,0.75,False,,,,,,,,,
butterfly,2027-04-16 00:00:00,6800.0,6825.0,6850.0,1029.9630783824966,1010.2046570628115,990.0962357431266,-0.17499999999995453,1.1499999999999773,False,,,,,,,,,
butterfly,2027-04-16 00:00:00,6875.0,6900.0,6925.0,970.1378144234416,950.4793931037566,930.5209717840717,-0.14999999999997726,1.099999999999909,False,,,,,,,,,
butterfly,2027-04-16 00:00:00,6925.0,6950.0,6975.0,930.5209717840717,911.3625504643867,891.4041291447016,-0.40000000000009095,0.8500000000000227,False,,,,,,,,,
butterfly,2027-04-16 00:00:00,7000.0,7025.0,7050.0,871.8457078250167,852.8872865053316,833.7288651856468,-0.09999999999990905,1.2500000000001137,False,,,,,,,,,
butterfly,2027-04-16 00:00:00,7050.0,7075.0,7100.0,833.7288651856468,814.6704438659617,795.4120225462768,-0.09999999999990905,1.25,False,,,,,,,,,
butterfly,2027-04-16 00:00:00,7125.0,7150.0,7175.0,776.6036012265918,758.1451799069067,739.6367585872217,-0.024999999999977263,1.1499999999999773,False,,,,,,,,,
butterfly,2027-04-16 00:00:00,7150.0,7175.0,7200.0,758.1451799069067,739.6367585872217,720.7283372675367,-0.20000000000004547,1.150000000000091,False,,,,,,,,,
butterfly,2027-04-16 00:00:00,7200.0,7225.0,7250.0,720.7283372675367,703.1199159478517,684.2614946281667,-0.625,0.7500000000001137,False,,,,,,,,,
butterfly,2027-04-16 00:00:00,7250.0,7275.0,7300.0,684.2614946281667,666.8030733084818,648.9446519887967,-0.20000000000004547,1.25,False,,,,,,,,,
butterfly,2027-04-16 00:00:00,7300.0,7325.0,7350.0,648.9446519887967,631.3862306691118,613.7778093494269,-0.024999999999977263,1.4499999999999318,False,,,,,,,,,
butterfly,2027-04-16 00:00:00,7375.0,7400.0,7425.0,596.4693880297418,579.7109667100569,562.4025453903719,-0.27500000000009095,1.25,False,,,,,,,,,
butterfly,2027-04-16 00:00:00,7625.0,7650.0,7675.0,433.835174832892,418.626753513207,403.35,-0.034166096760998244,1.5408339032389904,False,,,,,,,,,
butterfly,2027-04-16 00:00:00,7675.0,7700.0,7725.0,403.35,389.35,375.05,-0.14999999999997726,1.3500000000000227,False,,,,,,,,,
butterfly,2027-04-16 00:00:00,7725.0,7750.0,7775.0,375.05,361.0,346.6,-0.17499999999995453,1.3000000000000114,False,,,,,,,,,
butterfly,2027-04-16 00:00:00,7775.0,7800.0,7825.0,346.6,333.75,320.4,-0.25,1.1999999999999318,False,,,,,,,,,
butterfly,2027-04-16 00:00:00,8000.0,8025.0,8050.0,235.89999999999998,225.85,215.2,-0.30000000000001137,1.1500000000000057,False,,,,,,,,,
butterfly,2027-04-16 00:00:00,8100.0,8150.0,8175.0,195.4,177.35,168.0,-0.21666666666666856,1.1000000000000227,False,,,,,,,,,
butterfly,2027-04-16 00:00:00,8175.0,8200.0,8225.0,168.0,160.1,151.95,-0.125,1.1999999999999886,False,,,,,,,,,
butterfly,2027-04-16 00:00:00,8225.0,8250.0,8275.0,151.95,144.4,136.7,-0.07500000000001705,1.25,False,,,,,,,,,
butterfly,2027-04-16 00:00:00,8325.0,8350.0,8375.0,122.8,116.95,110.65,-0.22500000000000853,0.9499999999999886,False,,,,,,,,,
butterfly,2027-04-16 00:00:00,8350.0,8375.0,8400.0,116.95,110.65,104.19999999999999,-0.07500000000001705,1.0500000000000114,False,,,,,,,,,
butterfly,2027-05-21 00:00:00,6600.0,6625.0,6650.0,1236.4623307784148,1216.3709548576503,1195.5295789368859,-0.375,0.849999999999909,False,,,,,,,,,
butterfly,2027-05-21 00:00:00,6650.0,6675.0,6700.0,1195.5295789368859,1175.3382030161215,1154.8968270953571,-0.125,1.0499999999999545,False,,,,,,,,,
butterfly,2027-05-21 00:00:00,6700.0,6725.0,6750.0,1154.8968270953571,1135.1054511745926,1115.0140752538282,-0.14999999999986358,1.1000000000001364,False,,,,,,,,,
butterfly,2027-05-21 00:00:00,6800.0,6825.0,6850.0,1075.1813234122994,1055.539947491535,1035.6485715707704,-0.12500000000022737,1.1499999999998636,False,,,,,,,,,
butterfly,2027-05-21 00:00:00,6875.0,6900.0,7000.0,1016.1571956500061,997.1658197292418,919.850316046184,-0.2700000000000955,0.9200000000000728,False,,,,,,,,,
butterfly,2027-05-21 00:00:00,7100.0,7125.0,7150.0,844.5348123631264,826.343436442362,807.8020605215976,-0.17499999999995453,1.2000000000000455,False,,,,,,,,,
butterfly,2027-05-21 00:00:00,7150.0,7175.0,7200.0,807.8020605215976,789.6606846008332,771.1193086800688,-0.1999999999999318,1.1499999999999773,False,,,,,,,,,
butterfly,2027-05-21 00:00:00,7300.0,7350.0,7375.0,699.8038049970111,665.4210531554822,647.8796772347179,-0.2333333333333485,1.2666666666667652,False,,,,,,,,,
butterfly,2027-05-21 00:00:00,7400.0,7425.0,7450.0,630.4883013139536,613.996925393189,597.3555494724246,-0.07499999999993179,1.4500000000000455,False,,,,,,,,,
butterfly,2027-05-21 00:00:00,7475.0,7500.0,7550.0,580.8641735516603,564.8227976308958,532.340045789367,-0.13333333333321207,1.433333333333394,False,,,,,,,,,
butterfly,2027-05-21 00:00:00,7600.0,7625.0,7700.0,500.6072939478381,485.66591802707376,440.2917902647805,-0.13750000000004547,1.3999999999999204,False,,,,,,,,,
butterfly,2027-05-21 00:00:00,7700.0,7750.0,7800.0,440.2917902647805,412.3,384.15,-0.07910486760977165,1.3458951323902397,False,,,,,,,,,
butterfly,2027-05-21 00:00:00,7850.0,7875.0,7900.0,356.95000000000005,344.05,330.95000000000005,-0.0999999999999659,1.5,False,,,,,,,,,
butterfly,2027-05-21 00:00:00,7900.0,7925.0,7950.0,330.95000000000005,318.65,306.0,-0.17499999999995453,1.5,False,,,,,,,,,
butterfly,2027-05-21 00:00:00,7950.0,7975.0,8000.0,306.0,294.25,282.3,-0.10000000000002274,1.5500000000000682,False,,,,,,,,,
butterfly,2027-05-21 00:00:00,8050.0,8100.0,8125.0,259.5,238.85,228.35,-0.11666666666664582,1.3666666666666742,False,,,,,,,,,
butterfly,2027-06-17 00:00:00,5300.0,5325.0,5350.0,2399.442743828028,2376.718365718575,2353.8939876091226,-0.04999999999972715,0.599999999999909,False,,,,,,,,,
butterfly,2027-06-17 00:00:00,5450.0,5475.0,5500.0,2263.1464751713115,2240.6220970618588,2217.8977189524057,-0.1000000000003638,0.650000000000091,False,,,,,,,,,
butterfly,2027-06-17 00:00:00,5525.0,5550.0,5575.0,2195.3733408429534,2173.0989627335007,2150.4245846240474,-0.20000000000027285,0.5500000000001819,False,,,,,,,,,
butterfly,2027-06-17 00:00:00,5575.0,5600.0,5625.0,2150.4245846240474,2128.100206514595,2105.4258284051425,-0.1750000000001819,0.6999999999998181,False,,,,,,,,,
butterfly,2027-06-17 00:00:00,5625.0,5650.0,5675.0,2105.4258284051425,2083.2514502956897,2060.827072186237,-0.125,0.6999999999993634,False,,,,,,,,,
butterfly,2027-06-17 00:00:00,5700.0,5725.0,5750.0,2038.552694076784,2016.4783159673314,1994.2039378578786,-0.10000000000013642,0.7000000000000455,False,,,,,,,,,
butterfly,2027-06-17 00:00:00,5750.0,5775.0,5800.0,1994.2039378578786,1972.079559748426,1949.7551816389732,-0.10000000000013642,0.75,False,,,,,,,,,
butterfly,2027-06-17 00:00:00,5900.0,5925.0,5950.0,1861.607669201162,1839.7332910917094,1817.7589129822568,-0.049999999999954525,0.7999999999999545,False,,,,,,,,,
butterfly,2027-06-17 00:00:00,5950.0,5975.0,6000.0,1817.7589129822568,1796.084534872804,1773.9601567633513,-0.22499999999990905,0.650000000000091,False,,,,,,,,,
butterfly,2027-06-17 00:00:00,6000.0,6025.0,6050.0,1773.9601567633513,1752.4857786538985,1730.711400544446,-0.14999999999986358,0.8000000000001819,False,,,,,,,,,
butterfly,2027-06-17 00:00:00,6025.0,6050.0,6075.0,1752.4857786538985,1730.711400544446,1708.887022434993,-0.02500000000009095,0.9499999999998181,False,,,,,,,,,
butterfly,2027-06-17 00:00:00,6075.0,6100.0,6125.0,1708.887022434993,1687.5626443255403,1666.0382662160875,-0.10000000000013642,0.849999999999909,False,,,,,,,,,
butterfly,2027-06-17 00:00:00,6100.0,6125.0,6150.0,1687.5626443255403,1666.0382662160875,1644.363888106635,-0.07500000000004547,0.849999999999909,False,,,,,,,,,
butterfly,2027-06-17 00:00:00,6150.0,6175.0,6200.0,1644.363888106635,1623.1395099971821,1601.4151318877293,-0.25,0.7000000000000455,False,,,,,,,,,
butterfly,2027-06-17 00:00:00,6225.0,6250.0,6275.0,1580.2907537782767,1559.166375668824,1537.841997559371,-0.10000000000013642,0.849999999999909,False,,,,,,,,,
butterfly,2027-06-17 00:00:00,6300.0,6325.0,6350.0,1516.7676194499184,1495.7932413404656,1474.7688632310128,-0.02500000000009095,1.0,False,,,,,,,,,
butterfly,2027-06-17 00:00:00,6350.0,6375.0,6400.0,1474.7688632310128,1453.7944851215602,1432.6201070121074,-0.10000000000013642,1.0,False,,,,,,,,,
butterfly,2027-06-17 00:00:00,6400.0,6425.0,6450.0,1432.6201070121074,1412.1457289026548,1391.321350793202,-0.1750000000001819,0.8999999999998636,False,,,,,,,,,
butterfly,2027-06-17 00:00:00,6475.0,6500.0,6525.0,1370.646972683749,1350.2725945742964,1329.4982164648436,-0.20000000000004547,0.7999999999999545,False,,,,,,,,,
butterfly,2027-06-17 00:00:00,6550.0,6575.0,6600.0,1309.023838355391,1288.8994602459384,1268.3750821364856,-0.20000000000004547,0.8500000000001364,False,,,,,,,,,
butterfly,2027-06-17 00:00:00,6650.0,6675.0,6700.0,1227.82632591758,1207.7519478081274,1187.5775696986746,-0.049999999999954525,0.9500000000000455,False,,,,,,,,,
butterfly,2027-06-17 00:00:00,6700.0,6725.0,6750.0,1187.5775696986746,1167.8031915892218,1147.6288134797692,-0.20000000000004547,0.7999999999999545,False,,,,,,,,,
butterfly,2027-06-17 00:00:00,6750.0,6775.0,6800.0,1147.6288134797692,1128.5044353703165,1108.1800572608636,-0.6000000000001364,0.4500000000000455,False,,,,,,,,,
butterfly,2027-06-17 00:00:00,6825.0,6850.0,6875.0,1088.805679151411,1069.581301041958,1049.8569229325053,-0.25,0.4999999999997726,False,,,,,,,,,
butterfly,2027-06-17 00:00:00,6875.0,6900.0,6925.0,1049.8569229325053,1031.2325448230526,1011.8581667135999,-0.375,0.4499999999998181,False,,,,,,,,,
butterfly,2027-06-17 00:00:00,7000.0,7025.0,7050.0,954.0350323852417,935.510654275789,916.6862761663363,-0.14999999999997726,0.8000000000000682,False,,,,,,,,,
butterfly,2027-06-17 00:00:00,7050.0,7075.0,7100.0,916.6862761663363,898.3118980568836,879.1375199474307,-0.40000000000009095,0.6000000000000227,False,,,,,,,,,
butterfly,2027-06-17 00:00:00,7100.0,7125.0,7150.0,879.1375199474307,861.163141837978,843.0387637285253,-0.07499999999993179,0.8999999999999773,False,,,,,,,,,
butterfly,2027-06-17 00:00:00,7125.0,7150.0,7175.0,861.163141837978,843.0387637285253,824.7143856190726,-0.10000000000002274,1.0,False,,,,,,,,,
butterfly,2027-06-17 00:00:00,7175.0,7200.0,7225.0,824.7143856190726,806.9900075096198,788.7656294001671,-0.25,0.8000000000000682,False,,,,,,,,,
butterfly,2027-06-17 00:00:00,7225.0,7250.0,7275.0,788.7656294001671,771.0912512907144,753.1668731812616,-0.125,1.1000000000001364,False,,,,,,,,,
butterfly,2027-06-17 00:00:00,7500.0,7525.0,7550.0,600.047470196187,584.0230920867343,567.3487139772815,-0.3250000000000455,1.0,False,,,,,,,,,
butterfly,2027-06-17 00:00:00,7550.0,7575.0,7600.0,567.3487139772815,552.1243358678288,536.4499577583761,-0.22500000000002274,1.0499999999999545,False,,,,,,,,,
butterfly,2027-06-17 00:00:00,7625.0,7650.0,7675.0,520.8255796489234,505.75120153947057,490.57682343001784,-0.049999999999954525,1.25,False,,,,,,,,,
butterfly,2027-06-17 00:00:00,7700.0,7725.0,7750.0,475.45244532056506,462.54999999999995,448.2,-0.7237773397174578,0.5512226602825763,False,,,,,,,,,
butterfly,2027-06-17 00:00:00,7850.0,7875.0,7900.0,392.75,379.45,365.8,-0.17500000000001137,1.3000000000000114,False,,,,,,,,,
butterfly,2027-06-17 00:00:00,7900.0,7925.0,7950.0,365.8,353.55,340.95,-0.17500000000001137,1.3000000000000114,False,,,,,,,,,
butterfly,2027-06-17 00:00:00,8150.0,8175.0,8200.0,249.75,239.75,229.7,-0.025000000000005684,1.2500000000000284,False,,,,,,,,,
butterfly,2027-06-17 00:00:00,8300.0,8325.0,8350.0,193.8,185.85000000000002,177.25,-0.32500000000001705,0.75,False,,,,,,,,,
butterfly,2027-06-17 00:00:00,8500.0,8525.0,8550.0,134.9,128.7,122.44999999999999,-0.024999999999977263,0.8999999999999773,False,,,,,,,,,
butterfly,2027-06-17 00:00:00,8625.0,8650.0,8675.0,106.30000000000001,101.5,96.15,-0.2749999999999915,0.7000000000000028,False,,,,,,,,,
butterfly,2027-06-17 00:00:00,8675.0,8700.0,8750.0,96.15,91.8,83.05000000000001,-0.01666666666666572,0.7666666666666799,False,,,,,,,,,
butterfly,2027-06-17 00:00:00,8850.0,8900.0,8950.0,67.5,61.2,54.75,-0.07500000000000284,0.8000000000000043,False,,,,,,,,,
butterfly,2027-06-30 00:00:00,5900.0,5950.0,6000.0,1867.4548913043382,1824.4222826086864,1780.9396739130343,-0.22500000000013642,0.5,False,,,,,,,,,
butterfly,2027-07-16 00:00:00,5550.0,5650.0,5675.0,2191.926414233578,2103.4299726277386,2081.2683622262784,-0.03000000000020009,1.0199999999999818,False,,,,,,,,,
butterfly,2027-07-16 00:00:00,6700.0,6725.0,6750.0,1220.542335766424,1200.880725364964,1181.1691149635044,-0.024999999999863576,1.400000000000091,False,,,,,,,,,
butterfly,2027-07-16 00:00:00,6750.0,6775.0,6800.0,1181.1691149635044,1161.8575045620444,1142.4458941605844,-0.049999999999954525,1.349999999999909,False,,,,,,,,,
butterfly,2027-07-16 00:00:00,6900.0,6925.0,7000.0,1065.599452554745,1046.9878421532853,990.3030109489057,-0.21250000000009095,1.1000000000001364,False,,,,,,,,,
butterfly,2027-07-16 00:00:00,7500.0,7550.0,7600.0,639.9708029197084,608.4475821167886,576.5743613138688,-0.17499999999995453,1.6499999999998636,False,,,,,,,,,
butterfly,2027-07-16 00:00:00,8050.0,8075.0,8100.0,328.75,317.2,305.29999999999995,-0.17500000000001137,1.4500000000000455,False,,,,,,,,,
butterfly,2027-07-16 00:00:00,8200.0,8225.0,8250.0,262.3,252.65,242.95,-0.025000000000005684,1.5999999999999943,False,,,,,,,,,
butterfly,2027-07-16 00:00:00,8600.0,8625.0,8650.0,134.45,128.8,122.75,-0.20000000000001705,1.1000000000000227,False,,,,,,,,,
calendar,,,,,,,,,,,|k|<=0.02,2026-08-18,2026-08-19,0.049315068493150684,0.052054794520547946,0.0008582305849581434,0.0007864639328421376,-0.005173237753475516,0.0019277420324032184
calendar,,,,,,,,,,,|k|<=0.02,2026-08-20,2026-08-21,0.0547945205479452,0.057534246575342465,0.0010110245635570872,0.0009382010159615068,-0.005381456931557487,-0.0002440601974560056
calendar,,,,,,,,,,,|k|<=0.02,2026-08-20,2026-08-25,0.0547945205479452,0.0684931506849315,0.0010110245635570872,0.0010006931858102578,-0.005381456931557487,0.0007869832740333281
calendar,,,,,,,,,,,|k|<=0.02,2026-08-24,2026-08-25,0.06575342465753424,0.0684931506849315,0.0010729850959206866,0.0010006931858102578,-0.0010962252496386497,0.0007869832740333281
calendar,,,,,,,,,,,|k|<=0.02,2026-11-20,2026-11-30,0.30684931506849317,0.33424657534246577,0.006876322925679248,0.006667244115246081,-0.0014504764043080465,0.003933579887067943
calendar,,,,,,,,,,,|k|<=0.02,2027-06-17,2027-06-30,0.8794520547945206,0.915068493150685,0.02463185811918769,0.02460947941420175,0.000695489104222744,0.012299702608593194
